Уровень календаря;Дата;Статистические показатели;ОКАТО;Значение
1;01.01.2000;Численность постоянного городского населения по состоянию на 1 января;Пермский край;2228082,00
1;01.01.2000;Численность постоянного городского населения по состоянию на 1 января;Верещагинский район;24382,00
1;01.01.2000;Численность постоянного городского населения по состоянию на 1 января;Горнозаводский район;33130,00
1;01.01.2000;Численность постоянного городского населения по состоянию на 1 января;Ильинский район;13016,00
1;01.01.2000;Численность постоянного городского населения по состоянию на 1 января;Красновишерский район;19499,00
1;01.01.2000;Численность постоянного городского населения по состоянию на 1 января;Нытвенский район;37323,00
1;01.01.2000;Численность постоянного городского населения по состоянию на 1 января;Октябрьский район;16180,00
1;01.01.2000;Численность постоянного городского населения по состоянию на 1 января;Осинский район;26338,00
1;01.01.2000;Численность постоянного городского населения по состоянию на 1 января;Оханский район;9019,00
1;01.01.2000;Численность постоянного городского населения по состоянию на 1 января;Очерский район;18211,00
1;01.01.2000;Численность постоянного городского населения по состоянию на 1 января;Суксунский район;9252,00
1;01.01.2000;Численность постоянного городского населения по состоянию на 1 января;Усольский район;7613,00
1;01.01.2000;Численность постоянного городского населения по состоянию на 1 января;Чердынский район;12012,00
1;01.01.2000;Численность постоянного городского населения по состоянию на 1 января;Чернушинский район;36536,00
1;01.01.2000;Численность постоянного городского населения по состоянию на 1 января;Чусовской район;69796,00
1;01.01.2000;Численность постоянного городского населения по состоянию на 1 января;г. Пермь;1020494,00
1;01.01.2000;Численность постоянного городского населения по состоянию на 1 января;Александровский район;35292,00
1;01.01.2000;Численность постоянного городского населения по состоянию на 1 января;г. Березники;182758,00
1;01.01.2000;Численность постоянного городского населения по состоянию на 1 января;Гремячинский район;24026,00
1;01.01.2000;Численность постоянного городского населения по состоянию на 1 января;Губахинский район;47565,00
1;01.01.2000;Численность постоянного городского населения по состоянию на 1 января;Добрянский район;51313,00
1;01.01.2000;Численность постоянного городского населения по состоянию на 1 января;Кизеловский район;48979,00
1;01.01.2000;Численность постоянного городского населения по состоянию на 1 января;Краснокамский район;67833,00
1;01.01.2000;Численность постоянного городского населения по состоянию на 1 января;г. Кунгур;75357,00
1;01.01.2000;Численность постоянного городского населения по состоянию на 1 января;Лысьвенский район;75590,00
1;01.01.2000;Численность постоянного городского населения по состоянию на 1 января;г. Соликамск;105955,00
1;01.01.2000;Численность постоянного городского населения по состоянию на 1 января;Чайковский район;94560,00
1;01.01.2001;Численность постоянного городского населения по состоянию на 1 января;Пермский край;2209558,00
1;01.01.2001;Численность постоянного городского населения по состоянию на 1 января;Верещагинский район;24471,00
1;01.01.2001;Численность постоянного городского населения по состоянию на 1 января;Горнозаводский район;32869,00
1;01.01.2001;Численность постоянного городского населения по состоянию на 1 января;Ильинский район;12901,00
1;01.01.2001;Численность постоянного городского населения по состоянию на 1 января;Красновишерский район;19367,00
1;01.01.2001;Численность постоянного городского населения по состоянию на 1 января;Нытвенский район;37245,00
1;01.01.2001;Численность постоянного городского населения по состоянию на 1 января;Октябрьский район;16500,00
1;01.01.2001;Численность постоянного городского населения по состоянию на 1 января;Осинский район;26342,00
1;01.01.2001;Численность постоянного городского населения по состоянию на 1 января;Оханский район;8998,00
1;01.01.2001;Численность постоянного городского населения по состоянию на 1 января;Очерский район;18049,00
1;01.01.2001;Численность постоянного городского населения по состоянию на 1 января;Суксунский район;9311,00
1;01.01.2001;Численность постоянного городского населения по состоянию на 1 января;Усольский район;7470,00
1;01.01.2001;Численность постоянного городского населения по состоянию на 1 января;Чердынский район;11902,00
1;01.01.2001;Численность постоянного городского населения по состоянию на 1 января;Чернушинский район;36649,00
1;01.01.2001;Численность постоянного городского населения по состоянию на 1 января;Чусовской район;69482,00
1;01.01.2001;Численность постоянного городского населения по состоянию на 1 января;г. Пермь;1014627,00
1;01.01.2001;Численность постоянного городского населения по состоянию на 1 января;Александровский район;35165,00
1;01.01.2001;Численность постоянного городского населения по состоянию на 1 января;г. Березники;182161,00
1;01.01.2001;Численность постоянного городского населения по состоянию на 1 января;Гремячинский район;23206,00
1;01.01.2001;Численность постоянного городского населения по состоянию на 1 января;Губахинский район;46489,00
1;01.01.2001;Численность постоянного городского населения по состоянию на 1 января;Добрянский район;51443,00
1;01.01.2001;Численность постоянного городского населения по состоянию на 1 января;Кизеловский район;47091,00
1;01.01.2001;Численность постоянного городского населения по состоянию на 1 января;Краснокамский район;61600,00
1;01.01.2001;Численность постоянного городского населения по состоянию на 1 января;г. Кунгур;74862,00
1;01.01.2001;Численность постоянного городского населения по состоянию на 1 января;Лысьвенский район;75109,00
1;01.01.2001;Численность постоянного городского населения по состоянию на 1 января;г. Соликамск;105385,00
1;01.01.2001;Численность постоянного городского населения по состоянию на 1 января;Чайковский район;94751,00
1;01.01.2002;Численность постоянного городского населения по состоянию на 1 января;Пермский край;2191892,00
1;01.01.2002;Численность постоянного городского населения по состоянию на 1 января;Верещагинский район;24560,00
1;01.01.2002;Численность постоянного городского населения по состоянию на 1 января;Горнозаводский район;32654,00
1;01.01.2002;Численность постоянного городского населения по состоянию на 1 января;Ильинский район;12865,00
1;01.01.2002;Численность постоянного городского населения по состоянию на 1 января;Красновишерский район;19208,00
1;01.01.2002;Численность постоянного городского населения по состоянию на 1 января;Нытвенский район;37127,00
1;01.01.2002;Численность постоянного городского населения по состоянию на 1 января;Октябрьский район;16704,00
1;01.01.2002;Численность постоянного городского населения по состоянию на 1 января;Осинский район;26401,00
1;01.01.2002;Численность постоянного городского населения по состоянию на 1 января;Оханский район;8945,00
1;01.01.2002;Численность постоянного городского населения по состоянию на 1 января;Очерский район;17992,00
1;01.01.2002;Численность постоянного городского населения по состоянию на 1 января;Суксунский район;9378,00
1;01.01.2002;Численность постоянного городского населения по состоянию на 1 января;Усольский район;7285,00
1;01.01.2002;Численность постоянного городского населения по состоянию на 1 января;Чердынский район;11781,00
1;01.01.2002;Численность постоянного городского населения по состоянию на 1 января;Чернушинский район;36740,00
1;01.01.2002;Численность постоянного городского населения по состоянию на 1 января;Чусовской район;68882,00
1;01.01.2002;Численность постоянного городского населения по состоянию на 1 января;г. Пермь;1008320,00
1;01.01.2002;Численность постоянного городского населения по состоянию на 1 января;Александровский район;34985,00
1;01.01.2002;Численность постоянного городского населения по состоянию на 1 января;г. Березники;181348,00
1;01.01.2002;Численность постоянного городского населения по состоянию на 1 января;Гремячинский район;22449,00
1;01.01.2002;Численность постоянного городского населения по состоянию на 1 января;Губахинский район;45619,00
1;01.01.2002;Численность постоянного городского населения по состоянию на 1 января;Добрянский район;51615,00
1;01.01.2002;Численность постоянного городского населения по состоянию на 1 января;Кизеловский район;45820,00
1;01.01.2002;Численность постоянного городского населения по состоянию на 1 января;Краснокамский район;61363,00
1;01.01.2002;Численность постоянного городского населения по состоянию на 1 января;г. Кунгур;74408,00
1;01.01.2002;Численность постоянного городского населения по состоянию на 1 января;Лысьвенский район;74721,00
1;01.01.2002;Численность постоянного городского населения по состоянию на 1 января;г. Соликамск;104874,00
1;01.01.2002;Численность постоянного городского населения по состоянию на 1 января;Чайковский район;89903,00
1;01.01.2003;Численность постоянного городского населения по состоянию на 1 января;Пермский край;2113968,00
1;01.01.2003;Численность постоянного городского населения по состоянию на 1 января;Верещагинский район;22850,00
1;01.01.2003;Численность постоянного городского населения по состоянию на 1 января;Горнозаводский район;28028,00
1;01.01.2003;Численность постоянного городского населения по состоянию на 1 января;Ильинский район;10891,00
1;01.01.2003;Численность постоянного городского населения по состоянию на 1 января;Красновишерский район;18203,00
1;01.01.2003;Численность постоянного городского населения по состоянию на 1 января;Нытвенский район;33313,00
1;01.01.2003;Численность постоянного городского населения по состоянию на 1 января;Октябрьский район;15635,00
1;01.01.2003;Численность постоянного городского населения по состоянию на 1 января;Осинский район;23468,00
1;01.01.2003;Численность постоянного городского населения по состоянию на 1 января;Оханский район;7982,00
1;01.01.2003;Численность постоянного городского населения по состоянию на 1 января;Очерский район;18959,00
1;01.01.2003;Численность постоянного городского населения по состоянию на 1 января;Суксунский район;8511,00
1;01.01.2003;Численность постоянного городского населения по состоянию на 1 января;Усольский район;8003,00
1;01.01.2003;Численность постоянного городского населения по состоянию на 1 января;Чердынский район;13197,00
1;01.01.2003;Численность постоянного городского населения по состоянию на 1 января;Чернушинский район;35641,00
1;01.01.2003;Численность постоянного городского населения по состоянию на 1 января;Чусовской район;65245,00
1;01.01.2003;Численность постоянного городского населения по состоянию на 1 января;г. Пермь;1009367,00
1;01.01.2003;Численность постоянного городского населения по состоянию на 1 января;Александровский район;30994,00
1;01.01.2003;Численность постоянного городского населения по состоянию на 1 января;г. Березники;172689,00
1;01.01.2003;Численность постоянного городского населения по состоянию на 1 января;Гремячинский район;17825,00
1;01.01.2003;Численность постоянного городского населения по состоянию на 1 января;Губахинский район;44375,00
1;01.01.2003;Численность постоянного городского населения по состоянию на 1 января;Добрянский район;49737,00
1;01.01.2003;Численность постоянного городского населения по состоянию на 1 января;Кизеловский район;34764,00
1;01.01.2003;Численность постоянного городского населения по состоянию на 1 января;Краснокамский район;58231,00
1;01.01.2003;Численность постоянного городского населения по состоянию на 1 января;г. Кунгур;68781,00
1;01.01.2003;Численность постоянного городского населения по состоянию на 1 января;Лысьвенский район;71107,00
1;01.01.2003;Численность постоянного городского населения по состоянию на 1 января;г. Соликамск;102413,00
1;01.01.2003;Численность постоянного городского населения по состоянию на 1 января;Чайковский район;86490,00
1;01.01.2004;Численность постоянного городского населения по состоянию на 1 января;Пермский край;2093128,00
1;01.01.2004;Численность постоянного городского населения по состоянию на 1 января;Верещагинский район;22798,00
1;01.01.2004;Численность постоянного городского населения по состоянию на 1 января;Горнозаводский район;27808,00
1;01.01.2004;Численность постоянного городского населения по состоянию на 1 января;Ильинский район;10719,00
1;01.01.2004;Численность постоянного городского населения по состоянию на 1 января;Красновишерский район;17906,00
1;01.01.2004;Численность постоянного городского населения по состоянию на 1 января;Нытвенский район;33142,00
1;01.01.2004;Численность постоянного городского населения по состоянию на 1 января;Октябрьский район;15692,00
1;01.01.2004;Численность постоянного городского населения по состоянию на 1 января;Осинский район;23251,00
1;01.01.2004;Численность постоянного городского населения по состоянию на 1 января;Оханский район;7880,00
1;01.01.2004;Численность постоянного городского населения по состоянию на 1 января;Очерский район;18811,00
1;01.01.2004;Численность постоянного городского населения по состоянию на 1 января;Суксунский район;8482,00
1;01.01.2004;Численность постоянного городского населения по состоянию на 1 января;Усольский район;7784,00
1;01.01.2004;Численность постоянного городского населения по состоянию на 1 января;Чердынский район;13052,00
1;01.01.2004;Численность постоянного городского населения по состоянию на 1 января;Чернушинский район;35673,00
1;01.01.2004;Численность постоянного городского населения по состоянию на 1 января;Чусовской район;64565,00
1;01.01.2004;Численность постоянного городского населения по состоянию на 1 января;г. Пермь;1003849,00
1;01.01.2004;Численность постоянного городского населения по состоянию на 1 января;Александровский район;30820,00
1;01.01.2004;Численность постоянного городского населения по состоянию на 1 января;г. Березники;171369,00
1;01.01.2004;Численность постоянного городского населения по состоянию на 1 января;Гремячинский район;16853,00
1;01.01.2004;Численность постоянного городского населения по состоянию на 1 января;Губахинский район;43120,00
1;01.01.2004;Численность постоянного городского населения по состоянию на 1 января;Добрянский район;49484,00
1;01.01.2004;Численность постоянного городского населения по состоянию на 1 января;Кизеловский район;33727,00
1;01.01.2004;Численность постоянного городского населения по состоянию на 1 января;Краснокамский район;57728,00
1;01.01.2004;Численность постоянного городского населения по состоянию на 1 января;г. Кунгур;68267,00
1;01.01.2004;Численность постоянного городского населения по состоянию на 1 января;Лысьвенский район;70682,00
1;01.01.2004;Численность постоянного городского населения по состоянию на 1 января;г. Соликамск;101439,00
1;01.01.2004;Численность постоянного городского населения по состоянию на 1 января;Чайковский район;85619,00
1;01.01.2005;Численность постоянного городского населения по состоянию на 1 января;Пермский край;2072771,00
1;01.01.2005;Численность постоянного городского населения по состоянию на 1 января;Верещагинский район;22763,00
1;01.01.2005;Численность постоянного городского населения по состоянию на 1 января;Горнозаводский район;27565,00
1;01.01.2005;Численность постоянного городского населения по состоянию на 1 января;Ильинский район;10575,00
1;01.01.2005;Численность постоянного городского населения по состоянию на 1 января;Красновишерский район;17777,00
1;01.01.2005;Численность постоянного городского населения по состоянию на 1 января;Нытвенский район;32915,00
1;01.01.2005;Численность постоянного городского населения по состоянию на 1 января;Октябрьский район;15716,00
1;01.01.2005;Численность постоянного городского населения по состоянию на 1 января;Осинский район;23019,00
1;01.01.2005;Численность постоянного городского населения по состоянию на 1 января;Оханский район;7786,00
1;01.01.2005;Численность постоянного городского населения по состоянию на 1 января;Очерский район;18635,00
1;01.01.2005;Численность постоянного городского населения по состоянию на 1 января;Суксунский район;8442,00
1;01.01.2005;Численность постоянного городского населения по состоянию на 1 января;Усольский район;7558,00
1;01.01.2005;Численность постоянного городского населения по состоянию на 1 января;Чердынский район;12974,00
1;01.01.2005;Численность постоянного городского населения по состоянию на 1 января;Чернушинский район;35758,00
1;01.01.2005;Численность постоянного городского населения по состоянию на 1 января;Чусовской район;63943,00
1;01.01.2005;Численность постоянного городского населения по состоянию на 1 января;г. Пермь;998670,00
1;01.01.2005;Численность постоянного городского населения по состоянию на 1 января;Александровский район;30083,00
1;01.01.2005;Численность постоянного городского населения по состоянию на 1 января;г. Березники;169910,00
1;01.01.2005;Численность постоянного городского населения по состоянию на 1 января;Гремячинский район;16196,00
1;01.01.2005;Численность постоянного городского населения по состоянию на 1 января;Губахинский район;41958,00
1;01.01.2005;Численность постоянного городского населения по состоянию на 1 января;Добрянский район;49314,00
1;01.01.2005;Численность постоянного городского населения по состоянию на 1 января;Кизеловский район;33019,00
1;01.01.2005;Численность постоянного городского населения по состоянию на 1 января;Краснокамский район;57285,00
1;01.01.2005;Численность постоянного городского населения по состоянию на 1 января;г. Кунгур;67996,00
1;01.01.2005;Численность постоянного городского населения по состоянию на 1 января;Лысьвенский район;70272,00
1;01.01.2005;Численность постоянного городского населения по состоянию на 1 января;г. Соликамск;100443,00
1;01.01.2005;Численность постоянного городского населения по состоянию на 1 января;Чайковский район;84825,00
1;01.01.2006;Численность постоянного городского населения по состоянию на 1 января;Пермский край;2044647,00
1;01.01.2006;Численность постоянного городского населения по состоянию на 1 января;г. Кудымкар;31723,00
1;01.01.2006;Численность постоянного городского населения по состоянию на 1 января;Верещагинский район;22682,00
1;01.01.2006;Численность постоянного городского населения по состоянию на 1 января;Горнозаводский район;27198,00
1;01.01.2006;Численность постоянного городского населения по состоянию на 1 января;Ильинский район;10506,00
1;01.01.2006;Численность постоянного городского населения по состоянию на 1 января;Красновишерский район;17687,00
1;01.01.2006;Численность постоянного городского населения по состоянию на 1 января;Нытвенский район;32589,00
1;01.01.2006;Численность постоянного городского населения по состоянию на 1 января;Октябрьский район;15763,00
1;01.01.2006;Численность постоянного городского населения по состоянию на 1 января;Осинский район;22813,00
1;01.01.2006;Численность постоянного городского населения по состоянию на 1 января;Оханский район;7709,00
1;01.01.2006;Численность постоянного городского населения по состоянию на 1 января;Очерский район;18445,00
1;01.01.2006;Численность постоянного городского населения по состоянию на 1 января;Суксунский район;8409,00
1;01.01.2006;Численность постоянного городского населения по состоянию на 1 января;Усольский район;7346,00
1;01.01.2006;Численность постоянного городского населения по состоянию на 1 января;Чердынский район;12860,00
1;01.01.2006;Численность постоянного городского населения по состоянию на 1 января;Чернушинский район;35841,00
1;01.01.2006;Численность постоянного городского населения по состоянию на 1 января;Чусовской район;63317,00
1;01.01.2006;Численность постоянного городского населения по состоянию на 1 января;г. Пермь;993319,00
1;01.01.2006;Численность постоянного городского населения по состоянию на 1 января;Александровский район;29785,00
1;01.01.2006;Численность постоянного городского населения по состоянию на 1 января;г. Березники;168279,00
1;01.01.2006;Численность постоянного городского населения по состоянию на 1 января;Гремячинский район;15514,00
1;01.01.2006;Численность постоянного городского населения по состоянию на 1 января;Губахинский район;40296,00
1;01.01.2006;Численность постоянного городского населения по состоянию на 1 января;Добрянский район;49118,00
1;01.01.2006;Численность постоянного городского населения по состоянию на 1 января;Кизеловский район;32167,00
1;01.01.2006;Численность постоянного городского населения по состоянию на 1 января;Краснокамский район;57207,00
1;01.01.2006;Численность постоянного городского населения по состоянию на 1 января;г. Кунгур;67953,00
1;01.01.2006;Численность постоянного городского населения по состоянию на 1 января;Лысьвенский район;69689,00
1;01.01.2006;Численность постоянного городского населения по состоянию на 1 января;г. Соликамск;99318,00
1;01.01.2006;Численность постоянного городского населения по состоянию на 1 января;Чайковский район;84105,00
1;01.01.2007;Численность постоянного городского населения по состоянию на 1 января;Пермский край;2028339,00
1;01.01.2007;Численность постоянного городского населения по состоянию на 1 января;г. Кудымкар;31173,00
1;01.01.2007;Численность постоянного городского населения по состоянию на 1 января;Верещагинский район;22631,00
1;01.01.2007;Численность постоянного городского населения по состоянию на 1 января;Горнозаводский район;26941,00
1;01.01.2007;Численность постоянного городского населения по состоянию на 1 января;Ильинский район;10465,00
1;01.01.2007;Численность постоянного городского населения по состоянию на 1 января;Красновишерский район;17532,00
1;01.01.2007;Численность постоянного городского населения по состоянию на 1 января;Нытвенский район;32354,00
1;01.01.2007;Численность постоянного городского населения по состоянию на 1 января;Октябрьский район;15864,00
1;01.01.2007;Численность постоянного городского населения по состоянию на 1 января;Осинский район;22623,00
1;01.01.2007;Численность постоянного городского населения по состоянию на 1 января;Оханский район;7664,00
1;01.01.2007;Численность постоянного городского населения по состоянию на 1 января;Очерский район;18391,00
1;01.01.2007;Численность постоянного городского населения по состоянию на 1 января;Суксунский район;8352,00
1;01.01.2007;Численность постоянного городского населения по состоянию на 1 января;Усольский район;7167,00
1;01.01.2007;Численность постоянного городского населения по состоянию на 1 января;Чердынский район;12778,00
1;01.01.2007;Численность постоянного городского населения по состоянию на 1 января;Чернушинский район;35902,00
1;01.01.2007;Численность постоянного городского населения по состоянию на 1 января;Чусовской район;62800,00
1;01.01.2007;Численность постоянного городского населения по состоянию на 1 января;г. Пермь;990156,00
1;01.01.2007;Численность постоянного городского населения по состоянию на 1 января;Александровский район;29445,00
1;01.01.2007;Численность постоянного городского населения по состоянию на 1 января;г. Березники;167005,00
1;01.01.2007;Численность постоянного городского населения по состоянию на 1 января;Гремячинский район;15098,00
1;01.01.2007;Численность постоянного городского населения по состоянию на 1 января;Губахинский район;39266,00
1;01.01.2007;Численность постоянного городского населения по состоянию на 1 января;Добрянский район;48826,00
1;01.01.2007;Численность постоянного городского населения по состоянию на 1 января;Кизеловский район;31400,00
1;01.01.2007;Численность постоянного городского населения по состоянию на 1 января;Краснокамский район;57058,00
1;01.01.2007;Численность постоянного городского населения по состоянию на 1 января;г. Кунгур;67923,00
1;01.01.2007;Численность постоянного городского населения по состоянию на 1 января;Лысьвенский район;69217,00
1;01.01.2007;Численность постоянного городского населения по состоянию на 1 января;г. Соликамск;98205,00
1;01.01.2007;Численность постоянного городского населения по состоянию на 1 января;Чайковский район;83450,00
1;01.01.2008;Численность постоянного городского населения по состоянию на 1 января;Пермский край;2017650,00
1;01.01.2008;Численность постоянного городского населения по состоянию на 1 января;г. Кудымкар;30964,00
1;01.01.2008;Численность постоянного городского населения по состоянию на 1 января;Верещагинский район;22752,00
1;01.01.2008;Численность постоянного городского населения по состоянию на 1 января;Горнозаводский район;26412,00
1;01.01.2008;Численность постоянного городского населения по состоянию на 1 января;Ильинский район;10444,00
1;01.01.2008;Численность постоянного городского населения по состоянию на 1 января;Красновишерский район;17385,00
1;01.01.2008;Численность постоянного городского населения по состоянию на 1 января;Нытвенский район;32407,00
1;01.01.2008;Численность постоянного городского населения по состоянию на 1 января;Октябрьский район;16011,00
1;01.01.2008;Численность постоянного городского населения по состоянию на 1 января;Осинский район;22466,00
1;01.01.2008;Численность постоянного городского населения по состоянию на 1 января;Оханский район;7601,00
1;01.01.2008;Численность постоянного городского населения по состоянию на 1 января;Очерский район;18433,00
1;01.01.2008;Численность постоянного городского населения по состоянию на 1 января;Суксунский район;8339,00
1;01.01.2008;Численность постоянного городского населения по состоянию на 1 января;Усольский район;7097,00
1;01.01.2008;Численность постоянного городского населения по состоянию на 1 января;Чердынский район;12716,00
1;01.01.2008;Численность постоянного городского населения по состоянию на 1 января;Чернушинский район;36078,00
1;01.01.2008;Численность постоянного городского населения по состоянию на 1 января;Чусовской район;62386,00
1;01.01.2008;Численность постоянного городского населения по состоянию на 1 января;г. Пермь;987234,00
1;01.01.2008;Численность постоянного городского населения по состоянию на 1 января;Александровский район;29221,00
1;01.01.2008;Численность постоянного городского населения по состоянию на 1 января;г. Березники;165950,00
1;01.01.2008;Численность постоянного городского населения по состоянию на 1 января;Гремячинский район;15018,00
1;01.01.2008;Численность постоянного городского населения по состоянию на 1 января;Губахинский район;38357,00
1;01.01.2008;Численность постоянного городского населения по состоянию на 1 января;Добрянский район;48920,00
1;01.01.2008;Численность постоянного городского населения по состоянию на 1 января;Кизеловский район;30835,00
1;01.01.2008;Численность постоянного городского населения по состоянию на 1 января;Краснокамский район;57127,00
1;01.01.2008;Численность постоянного городского населения по состоянию на 1 января;г. Кунгур;68074,00
1;01.01.2008;Численность постоянного городского населения по состоянию на 1 января;Лысьвенский район;68660,00
1;01.01.2008;Численность постоянного городского населения по состоянию на 1 января;г. Соликамск;97269,00
1;01.01.2008;Численность постоянного городского населения по состоянию на 1 января;Чайковский район;82898,00
1;01.01.2009;Численность постоянного городского населения по состоянию на 1 января;Пермский край;1999733,00
1;01.01.2009;Численность постоянного городского населения по состоянию на 1 января;г. Кудымкар;30789,00
1;01.01.2009;Численность постоянного городского населения по состоянию на 1 января;Верещагинский район;22786,00
1;01.01.2009;Численность постоянного городского населения по состоянию на 1 января;Горнозаводский район;26141,00
1;01.01.2009;Численность постоянного городского населения по состоянию на 1 января;Ильинский район;10460,00
1;01.01.2009;Численность постоянного городского населения по состоянию на 1 января;Красновишерский район;17320,00
1;01.01.2009;Численность постоянного городского населения по состоянию на 1 января;Нытвенский район;32436,00
1;01.01.2009;Численность постоянного городского населения по состоянию на 1 января;Октябрьский район;16249,00
1;01.01.2009;Численность постоянного городского населения по состоянию на 1 января;Осинский район;22424,00
1;01.01.2009;Численность постоянного городского населения по состоянию на 1 января;Оханский район;7607,00
1;01.01.2009;Численность постоянного городского населения по состоянию на 1 января;Очерский район;18340,00
1;01.01.2009;Численность постоянного городского населения по состоянию на 1 января;Суксунский район;8312,00
1;01.01.2009;Численность постоянного городского населения по состоянию на 1 января;Усольский район;7075,00
1;01.01.2009;Численность постоянного городского населения по состоянию на 1 января;Чердынский район;12599,00
1;01.01.2009;Численность постоянного городского населения по состоянию на 1 января;Чернушинский район;36270,00
1;01.01.2009;Численность постоянного городского населения по состоянию на 1 января;Чусовской район;59650,00
1;01.01.2009;Численность постоянного городского населения по состоянию на 1 января;г. Пермь;985794,00
1;01.01.2009;Численность постоянного городского населения по состоянию на 1 января;Александровский район;28953,00
1;01.01.2009;Численность постоянного городского населения по состоянию на 1 января;г. Березники;164873,00
1;01.01.2009;Численность постоянного городского населения по состоянию на 1 января;Гремячинский район;14689,00
1;01.01.2009;Численность постоянного городского населения по состоянию на 1 января;Губахинский район;37595,00
1;01.01.2009;Численность постоянного городского населения по состоянию на 1 января;Добрянский район;48955,00
1;01.01.2009;Численность постоянного городского населения по состоянию на 1 января;Кизеловский район;30294,00
1;01.01.2009;Численность постоянного городского населения по состоянию на 1 января;Краснокамский район;57142,00
1;01.01.2009;Численность постоянного городского населения по состоянию на 1 января;г. Кунгур;68116,00
1;01.01.2009;Численность постоянного городского населения по состоянию на 1 января;Лысьвенский район;68137,00
1;01.01.2009;Численность постоянного городского населения по состоянию на 1 января;г. Соликамск;96222,00
1;01.01.2009;Численность постоянного городского населения по состоянию на 1 января;Чайковский район;82550,00
1;01.01.2010;Численность постоянного городского населения по состоянию на 1 января;Пермский край;1980762,00
1;01.01.2010;Численность постоянного городского населения по состоянию на 1 января;г. Кудымкар;28999,00
1;01.01.2010;Численность постоянного городского населения по состоянию на 1 января;Верещагинский район;22221,00
1;01.01.2010;Численность постоянного городского населения по состоянию на 1 января;Горнозаводский район;24784,00
1;01.01.2010;Численность постоянного городского населения по состоянию на 1 января;Ильинский район;10206,00
1;01.01.2010;Численность постоянного городского населения по состоянию на 1 января;Красновишерский район;16144,00
1;01.01.2010;Численность постоянного городского населения по состоянию на 1 января;Нытвенский район;30778,00
1;01.01.2010;Численность постоянного городского населения по состоянию на 1 января;Октябрьский район;14771,00
1;01.01.2010;Численность постоянного городского населения по состоянию на 1 января;Осинский район;21103,00
1;01.01.2010;Численность постоянного городского населения по состоянию на 1 января;Оханский район;7308,00
1;01.01.2010;Численность постоянного городского населения по состоянию на 1 января;Очерский район;17433,00
1;01.01.2010;Численность постоянного городского населения по состоянию на 1 января;Суксунский район;8051,00
1;01.01.2010;Численность постоянного городского населения по состоянию на 1 января;Усольский район;5726,00
1;01.01.2010;Численность постоянного городского населения по состоянию на 1 января;Чердынский район;10537,00
1;01.01.2010;Численность постоянного городского населения по состоянию на 1 января;Чернушинский район;33241,00
1;01.01.2010;Численность постоянного городского населения по состоянию на 1 января;Чусовской район;55620,00
1;01.01.2010;Численность постоянного городского населения по состоянию на 1 января;г. Пермь;990077,00
1;01.01.2010;Численность постоянного городского населения по состоянию на 1 января;Александровский район;27741,00
1;01.01.2010;Численность постоянного городского населения по состоянию на 1 января;г. Березники;157348,00
1;01.01.2010;Численность постоянного городского населения по состоянию на 1 января;Гремячинский район;14177,00
1;01.01.2010;Численность постоянного городского населения по состоянию на 1 января;Губахинский район;37500,00
1;01.01.2010;Численность постоянного городского населения по состоянию на 1 января;Добрянский район;46310,00
1;01.01.2010;Численность постоянного городского населения по состоянию на 1 января;Кизеловский район;20066,00
1;01.01.2010;Численность постоянного городского населения по состоянию на 1 января;Краснокамский район;56432,00
1;01.01.2010;Численность постоянного городского населения по состоянию на 1 января;г. Кунгур;65892,00
1;01.01.2010;Численность постоянного городского населения по состоянию на 1 января;Лысьвенский район;66227,00
1;01.01.2010;Численность постоянного городского населения по состоянию на 1 января;г. Соликамск;98114,00
1;01.01.2010;Численность постоянного городского населения по состоянию на 1 января;Чайковский район;83063,00
1;01.01.2011;Численность постоянного городского населения по состоянию на 1 января;Пермский край;1975474,00
1;01.01.2011;Численность постоянного городского населения по состоянию на 1 января;г. Кудымкар;29026,00
1;01.01.2011;Численность постоянного городского населения по состоянию на 1 января;Верещагинский район;22125,00
1;01.01.2011;Численность постоянного городского населения по состоянию на 1 января;Горнозаводский район;24496,00
1;01.01.2011;Численность постоянного городского населения по состоянию на 1 января;Ильинский район;10135,00
1;01.01.2011;Численность постоянного городского населения по состоянию на 1 января;Красновишерский район;16128,00
1;01.01.2011;Численность постоянного городского населения по состоянию на 1 января;Нытвенский район;30680,00
1;01.01.2011;Численность постоянного городского населения по состоянию на 1 января;Октябрьский район;14891,00
1;01.01.2011;Численность постоянного городского населения по состоянию на 1 января;Осинский район;21194,00
1;01.01.2011;Численность постоянного городского населения по состоянию на 1 января;Оханский район;7260,00
1;01.01.2011;Численность постоянного городского населения по состоянию на 1 января;Очерский район;17442,00
1;01.01.2011;Численность постоянного городского населения по состоянию на 1 января;Суксунский район;8029,00
1;01.01.2011;Численность постоянного городского населения по состоянию на 1 января;Усольский район;5687,00
1;01.01.2011;Численность постоянного городского населения по состоянию на 1 января;Чердынский район;10411,00
1;01.01.2011;Численность постоянного городского населения по состоянию на 1 января;Чернушинский район;33300,00
1;01.01.2011;Численность постоянного городского населения по состоянию на 1 января;Чусовской район;55241,00
1;01.01.2011;Численность постоянного городского населения по состоянию на 1 января;г. Пермь;991516,00
1;01.01.2011;Численность постоянного городского населения по состоянию на 1 января;Александровский район;27581,00
1;01.01.2011;Численность постоянного городского населения по состоянию на 1 января;г. Березники;156304,00
1;01.01.2011;Численность постоянного городского населения по состоянию на 1 января;Гремячинский район;13767,00
1;01.01.2011;Численность постоянного городского населения по состоянию на 1 января;Губахинский район;36601,00
1;01.01.2011;Численность постоянного городского населения по состоянию на 1 января;Добрянский район;46456,00
1;01.01.2011;Численность постоянного городского населения по состоянию на 1 января;Кизеловский район;19446,00
1;01.01.2011;Численность постоянного городского населения по состоянию на 1 января;Краснокамский район;56591,00
1;01.01.2011;Численность постоянного городского населения по состоянию на 1 января;г. Кунгур;66087,00
1;01.01.2011;Численность постоянного городского населения по состоянию на 1 января;Лысьвенский район;65823,00
1;01.01.2011;Численность постоянного городского населения по состоянию на 1 января;г. Соликамск;97208,00
1;01.01.2011;Численность постоянного городского населения по состоянию на 1 января;Чайковский район;82861,00
1;01.01.2012;Численность постоянного городского населения по состоянию на 1 января;Пермский край;1969985,00
1;01.01.2012;Численность постоянного городского населения по состоянию на 1 января;г. Кудымкар;29561,00
1;01.01.2012;Численность постоянного городского населения по состоянию на 1 января;Верещагинский район;22085,00
1;01.01.2012;Численность постоянного городского населения по состоянию на 1 января;Горнозаводский район;24141,00
1;01.01.2012;Численность постоянного городского населения по состоянию на 1 января;Ильинский район;3763,00
1;01.01.2012;Численность постоянного городского населения по состоянию на 1 января;Красновишерский район;16111,00
1;01.01.2012;Численность постоянного городского населения по состоянию на 1 января;Нытвенский район;30476,00
1;01.01.2012;Численность постоянного городского населения по состоянию на 1 января;Октябрьский район;14982,00
1;01.01.2012;Численность постоянного городского населения по состоянию на 1 января;Осинский район;21083,00
1;01.01.2012;Численность постоянного городского населения по состоянию на 1 января;Оханский район;7301,00
1;01.01.2012;Численность постоянного городского населения по состоянию на 1 января;Очерский район;17419,00
1;01.01.2012;Численность постоянного городского населения по состоянию на 1 января;Суксунский район;7986,00
1;01.01.2012;Численность постоянного городского населения по состоянию на 1 января;Усольский район;5705,00
1;01.01.2012;Численность постоянного городского населения по состоянию на 1 января;Чердынский район;10087,00
1;01.01.2012;Численность постоянного городского населения по состоянию на 1 января;Чернушинский район;33169,00
1;01.01.2012;Численность постоянного городского населения по состоянию на 1 января;Чусовской район;54886,00
1;01.01.2012;Численность постоянного городского населения по состоянию на 1 января;г. Пермь;1000672,00
1;01.01.2012;Численность постоянного городского населения по состоянию на 1 января;Александровский район;27133,00
1;01.01.2012;Численность постоянного городского населения по состоянию на 1 января;г. Березники;154632,00
1;01.01.2012;Численность постоянного городского населения по состоянию на 1 января;Гремячинский район;10739,00
1;01.01.2012;Численность постоянного городского населения по состоянию на 1 января;Губахинский район;35819,00
1;01.01.2012;Численность постоянного городского населения по состоянию на 1 января;Добрянский район;46322,00
1;01.01.2012;Численность постоянного городского населения по состоянию на 1 января;Кизеловский район;18560,00
1;01.01.2012;Численность постоянного городского населения по состоянию на 1 января;Краснокамский район;57142,00
1;01.01.2012;Численность постоянного городского населения по состоянию на 1 января;г. Кунгур;66316,00
1;01.01.2012;Численность постоянного городского населения по состоянию на 1 января;Лысьвенский район;65069,00
1;01.01.2012;Численность постоянного городского населения по состоянию на 1 января;г. Соликамск;96759,00
1;01.01.2012;Численность постоянного городского населения по состоянию на 1 января;Чайковский район;82866,00
1;01.01.2013;Численность постоянного городского населения по состоянию на 1 января;Пермский край;1978502,00
1;01.01.2013;Численность постоянного городского населения по состоянию на 1 января;г. Кудымкар;30162,00
1;01.01.2013;Численность постоянного городского населения по состоянию на 1 января;Верещагинский район;22447,00
1;01.01.2013;Численность постоянного городского населения по состоянию на 1 января;Горнозаводский район;23830,00
1;01.01.2013;Численность постоянного городского населения по состоянию на 1 января;Ильинский район;3709,00
1;01.01.2013;Численность постоянного городского населения по состоянию на 1 января;Красновишерский район;16127,00
1;01.01.2013;Численность постоянного городского населения по состоянию на 1 января;Нытвенский район;30373,00
1;01.01.2013;Численность постоянного городского населения по состоянию на 1 января;Октябрьский район;14942,00
1;01.01.2013;Численность постоянного городского населения по состоянию на 1 января;Осинский район;21000,00
1;01.01.2013;Численность постоянного городского населения по состоянию на 1 января;Оханский район;7205,00
1;01.01.2013;Численность постоянного городского населения по состоянию на 1 января;Очерский район;17346,00
1;01.01.2013;Численность постоянного городского населения по состоянию на 1 января;Суксунский район;8090,00
1;01.01.2013;Численность постоянного городского населения по состоянию на 1 января;Усольский район;5738,00
1;01.01.2013;Численность постоянного городского населения по состоянию на 1 января;Чердынский район;9964,00
1;01.01.2013;Численность постоянного городского населения по состоянию на 1 января;Чернушинский район;32807,00
1;01.01.2013;Численность постоянного городского населения по состоянию на 1 января;Чусовской район;54500,00
1;01.01.2013;Численность постоянного городского населения по состоянию на 1 января;г. Пермь;1013887,00
1;01.01.2013;Численность постоянного городского населения по состоянию на 1 января;Александровский район;26719,00
1;01.01.2013;Численность постоянного городского населения по состоянию на 1 января;г. Березники;152966,00
1;01.01.2013;Численность постоянного городского населения по состоянию на 1 января;Гремячинский район;10325,00
1;01.01.2013;Численность постоянного городского населения по состоянию на 1 января;Губахинский район;35087,00
1;01.01.2013;Численность постоянного городского населения по состоянию на 1 января;Добрянский район;46212,00
1;01.01.2013;Численность постоянного городского населения по состоянию на 1 января;Кизеловский район;17877,00
1;01.01.2013;Численность постоянного городского населения по состоянию на 1 января;Краснокамский район;57932,00
1;01.01.2013;Численность постоянного городского населения по состоянию на 1 января;г. Кунгур;66478,00
1;01.01.2013;Численность постоянного городского населения по состоянию на 1 января;Лысьвенский район;64430,00
1;01.01.2013;Численность постоянного городского населения по состоянию на 1 января;г. Соликамск;96306,00
1;01.01.2013;Численность постоянного городского населения по состоянию на 1 января;Чайковский район;82900,00
1;01.01.2014;Численность постоянного городского населения по состоянию на 1 января;Пермский край;1985784,00
1;01.01.2014;Численность постоянного городского населения по состоянию на 1 января;г. Кудымкар;30525,00
1;01.01.2014;Численность постоянного городского населения по состоянию на 1 января;Верещагинский район;22448,00
1;01.01.2014;Численность постоянного городского населения по состоянию на 1 января;Горнозаводский район;23579,00
1;01.01.2014;Численность постоянного городского населения по состоянию на 1 января;Ильинский район;3627,00
1;01.01.2014;Численность постоянного городского населения по состоянию на 1 января;Красновишерский район;15917,00
1;01.01.2014;Численность постоянного городского населения по состоянию на 1 января;Нытвенский район;30311,00
1;01.01.2014;Численность постоянного городского населения по состоянию на 1 января;Октябрьский район;14941,00
1;01.01.2014;Численность постоянного городского населения по состоянию на 1 января;Осинский район;20990,00
1;01.01.2014;Численность постоянного городского населения по состоянию на 1 января;Оханский район;7129,00
1;01.01.2014;Численность постоянного городского населения по состоянию на 1 января;Очерский район;17307,00
1;01.01.2014;Численность постоянного городского населения по состоянию на 1 января;Суксунский район;8120,00
1;01.01.2014;Численность постоянного городского населения по состоянию на 1 января;Усольский район;5814,00
1;01.01.2014;Численность постоянного городского населения по состоянию на 1 января;Чердынский район;9868,00
1;01.01.2014;Численность постоянного городского населения по состоянию на 1 января;Чернушинский район;32669,00
1;01.01.2014;Численность постоянного городского населения по состоянию на 1 января;Чусовской район;54295,00
1;01.01.2014;Численность постоянного городского населения по состоянию на 1 января;г. Пермь;1026477,00
1;01.01.2014;Численность постоянного городского населения по состоянию на 1 января;Александровский район;26365,00
1;01.01.2014;Численность постоянного городского населения по состоянию на 1 января;г. Березники;150696,00
1;01.01.2014;Численность постоянного городского населения по состоянию на 1 января;Гремячинский район;10027,00
1;01.01.2014;Численность постоянного городского населения по состоянию на 1 января;Губахинский район;34291,00
1;01.01.2014;Численность постоянного городского населения по состоянию на 1 января;Добрянский район;46226,00
1;01.01.2014;Численность постоянного городского населения по состоянию на 1 января;Кизеловский район;17213,00
1;01.01.2014;Численность постоянного городского населения по состоянию на 1 января;Краснокамский район;58515,00
1;01.01.2014;Численность постоянного городского населения по состоянию на 1 января;г. Кунгур;66765,00
1;01.01.2014;Численность постоянного городского населения по состоянию на 1 января;Лысьвенский район;64038,00
1;01.01.2014;Численность постоянного городского населения по состоянию на 1 января;г. Соликамск;95828,00
1;01.01.2014;Численность постоянного городского населения по состоянию на 1 января;Чайковский район;82930,00
1;01.01.2015;Численность постоянного городского населения по состоянию на 1 января;Пермский край;1991808,00
1;01.01.2015;Численность постоянного городского населения по состоянию на 1 января;г. Кудымкар;30739,00
1;01.01.2015;Численность постоянного городского населения по состоянию на 1 января;Верещагинский район;22328,00
1;01.01.2015;Численность постоянного городского населения по состоянию на 1 января;Горнозаводский район;23299,00
1;01.01.2015;Численность постоянного городского населения по состоянию на 1 января;Ильинский район;3597,00
1;01.01.2015;Численность постоянного городского населения по состоянию на 1 января;Красновишерский район;15733,00
1;01.01.2015;Численность постоянного городского населения по состоянию на 1 января;Нытвенский район;30286,00
1;01.01.2015;Численность постоянного городского населения по состоянию на 1 января;Октябрьский район;14899,00
1;01.01.2015;Численность постоянного городского населения по состоянию на 1 января;Осинский район;21201,00
1;01.01.2015;Численность постоянного городского населения по состоянию на 1 января;Оханский район;7096,00
1;01.01.2015;Численность постоянного городского населения по состоянию на 1 января;Очерский район;17349,00
1;01.01.2015;Численность постоянного городского населения по состоянию на 1 января;Суксунский район;8157,00
1;01.01.2015;Численность постоянного городского населения по состоянию на 1 января;Усольский район;5979,00
1;01.01.2015;Численность постоянного городского населения по состоянию на 1 января;Чердынский район;9826,00
1;01.01.2015;Численность постоянного городского населения по состоянию на 1 января;Чернушинский район;32687,00
1;01.01.2015;Численность постоянного городского населения по состоянию на 1 января;Чусовской район;54077,00
1;01.01.2015;Численность постоянного городского населения по состоянию на 1 января;г. Пермь;1036469,00
1;01.01.2015;Численность постоянного городского населения по состоянию на 1 января;Александровский район;26023,00
1;01.01.2015;Численность постоянного городского населения по состоянию на 1 января;г. Березники;148955,00
1;01.01.2015;Численность постоянного городского населения по состоянию на 1 января;Гремячинский район;9840,00
1;01.01.2015;Численность постоянного городского населения по состоянию на 1 января;Губахинский район;33752,00
1;01.01.2015;Численность постоянного городского населения по состоянию на 1 января;Добрянский район;46216,00
1;01.01.2015;Численность постоянного городского населения по состоянию на 1 января;Кизеловский район;16642,00
1;01.01.2015;Численность постоянного городского населения по состоянию на 1 января;Краснокамский район;58836,00
1;01.01.2015;Численность постоянного городского населения по состоянию на 1 января;г. Кунгур;66606,00
1;01.01.2015;Численность постоянного городского населения по состоянию на 1 января;Лысьвенский район;63558,00
1;01.01.2015;Численность постоянного городского населения по состоянию на 1 января;г. Соликамск;95514,00
1;01.01.2015;Численность постоянного городского населения по состоянию на 1 января;Чайковский район;83202,00
1;01.01.2016;Численность постоянного городского населения по состоянию на 1 января;Пермский край;1991998,00
1;01.01.2016;Численность постоянного городского населения по состоянию на 1 января;г. Кудымкар;31007,00
1;01.01.2016;Численность постоянного городского населения по состоянию на 1 января;Верещагинский район;22261,00
1;01.01.2016;Численность постоянного городского населения по состоянию на 1 января;Горнозаводский район;23077,00
1;01.01.2016;Численность постоянного городского населения по состоянию на 1 января;Ильинский район;3566,00
1;01.01.2016;Численность постоянного городского населения по состоянию на 1 января;Красновишерский район;15643,00
1;01.01.2016;Численность постоянного городского населения по состоянию на 1 января;Нытвенский район;30218,00
1;01.01.2016;Численность постоянного городского населения по состоянию на 1 января;Октябрьский район;14907,00
1;01.01.2016;Численность постоянного городского населения по состоянию на 1 января;Осинский район;21143,00
1;01.01.2016;Численность постоянного городского населения по состоянию на 1 января;Оханский район;7098,00
1;01.01.2016;Численность постоянного городского населения по состоянию на 1 января;Очерский район;17377,00
1;01.01.2016;Численность постоянного городского населения по состоянию на 1 января;Суксунский район;8158,00
1;01.01.2016;Численность постоянного городского населения по состоянию на 1 января;Усольский район;6110,00
1;01.01.2016;Численность постоянного городского населения по состоянию на 1 января;Чердынский район;9631,00
1;01.01.2016;Численность постоянного городского населения по состоянию на 1 января;Чернушинский район;32982,00
1;01.01.2016;Численность постоянного городского населения по состоянию на 1 января;Чусовской район;53832,00
1;01.01.2016;Численность постоянного городского населения по состоянию на 1 января;г. Пермь;1041876,00
1;01.01.2016;Численность постоянного городского населения по состоянию на 1 января;Александровский район;25668,00
1;01.01.2016;Численность постоянного городского населения по состоянию на 1 января;г. Березники;146627,00
1;01.01.2016;Численность постоянного городского населения по состоянию на 1 января;Гремячинский район;9625,00
1;01.01.2016;Численность постоянного городского населения по состоянию на 1 января;Губахинский район;33131,00
1;01.01.2016;Численность постоянного городского населения по состоянию на 1 января;Добрянский район;46170,00
1;01.01.2016;Численность постоянного городского населения по состоянию на 1 января;Кизеловский район;16173,00
1;01.01.2016;Численность постоянного городского населения по состоянию на 1 января;Краснокамский район;59028,00
1;01.01.2016;Численность постоянного городского населения по состоянию на 1 января;г. Кунгур;66311,00
1;01.01.2016;Численность постоянного городского населения по состоянию на 1 января;Лысьвенский район;63083,00
1;01.01.2016;Численность постоянного городского населения по состоянию на 1 января;г. Соликамск;95191,00
1;01.01.2016;Численность постоянного городского населения по состоянию на 1 января;Чайковский район;83056,00
