"Численность населения по итогам Всероссийской переписи населения (человек, значение показателя за год)",,,
,,,
,,,2010
Российская Федерация,все население,Всего,142 856 536
Российская Федерация,все население,женщины,76 809 957
Российская Федерация,все население,мужчины,66 046 579
Российская Федерация,городское население,Всего,105 313 773
Российская Федерация,городское население,женщины,57 196 227
Российская Федерация,городское население,мужчины,48 117 546
Российская Федерация,сельское население,Всего,37 542 763
Российская Федерация,сельское население,женщины,19 613 730
Российская Федерация,сельское население,мужчины,17 929 033
    Центральный федеральный округ,все население,Всего,38 427 539
    Центральный федеральный округ,все население,женщины,20 854 937
    Центральный федеральный округ,все население,мужчины,17 572 602
    Центральный федеральный округ,городское население,Всего,31 251 840
    Центральный федеральный округ,городское население,женщины,17 036 351
    Центральный федеральный округ,городское население,мужчины,14 215 489
    Центральный федеральный округ,сельское население,Всего,7 175 699
    Центральный федеральный округ,сельское население,женщины,3 818 586
    Центральный федеральный округ,сельское население,мужчины,3 357 113
        Белгородская область,все население,Всего,1 532 526
        Белгородская область,все население,женщины,827 312
        Белгородская область,все население,мужчины,705 214
        Белгородская область,городское население,Всего,1 012 932
        Белгородская область,городское население,женщины,549 251
        Белгородская область,городское население,мужчины,463 681
        Белгородская область,сельское население,Всего,519 594
        Белгородская область,сельское население,женщины,278 061
        Белгородская область,сельское население,мужчины,241 533
        Брянская область,все население,Всего,1 278 217
        Брянская область,все население,женщины,695 648
        Брянская область,все население,мужчины,582 569
        Брянская область,городское население,Всего,883 427
        Брянская область,городское население,женщины,485 538
        Брянская область,городское население,мужчины,397 889
        Брянская область,сельское население,Всего,394 790
        Брянская область,сельское население,женщины,210 110
        Брянская область,сельское население,мужчины,184 680
        Владимирская область,все население,Всего,1 443 693
        Владимирская область,все население,женщины,793 552
        Владимирская область,все население,мужчины,650 141
        Владимирская область,городское население,Всего,1 120 671
        Владимирская область,городское население,женщины,619 645
        Владимирская область,городское население,мужчины,501 026
        Владимирская область,сельское население,Всего,323 022
        Владимирская область,сельское население,женщины,173 907
        Владимирская область,сельское население,мужчины,149 115
        Воронежская область,все население,Всего,2 335 380
        Воронежская область,все население,женщины,1 268 950
        Воронежская область,все население,мужчины,1 066 430
        Воронежская область,городское население,Всего,1 486 571
        Воронежская область,городское население,женщины,814 971
        Воронежская область,городское население,мужчины,671 600
        Воронежская область,сельское население,Всего,848 809
        Воронежская область,сельское население,женщины,453 979
        Воронежская область,сельское население,мужчины,394 830
        Ивановская область,все население,Всего,1 061 651
        Ивановская область,все население,женщины,587 212
        Ивановская область,все население,мужчины,474 439
        Ивановская область,городское население,Всего,859 335
        Ивановская область,городское население,женщины,481 503
        Ивановская область,городское население,мужчины,377 832
        Ивановская область,сельское население,Всего,202 316
        Ивановская область,сельское население,женщины,105 709
        Ивановская область,сельское население,мужчины,96 607
        Калужская область,все население,Всего,1 010 930
        Калужская область,все население,женщины,547 089
        Калужская область,все население,мужчины,463 841
        Калужская область,городское население,Всего,771 655
        Калужская область,городское население,женщины,420 921
        Калужская область,городское население,мужчины,350 734
        Калужская область,сельское население,Всего,239 275
        Калужская область,сельское население,женщины,126 168
        Калужская область,сельское население,мужчины,113 107
        Костромская область,все население,Всего,667 562
        Костромская область,все население,женщины,363 459
        Костромская область,все население,мужчины,304 103
        Костромская область,городское население,Всего,466 689
        Костромская область,городское население,женщины,257 012
        Костромская область,городское население,мужчины,209 677
        Костромская область,сельское население,Всего,200 873
        Костромская область,сельское население,женщины,106 447
        Костромская область,сельское население,мужчины,94 426
        Курская область,все население,Всего,1 127 081
        Курская область,все население,женщины,616 323
        Курская область,все население,мужчины,510 758
        Курская область,городское население,Всего,734 649
        Курская область,городское население,женщины,405 402
        Курская область,городское население,мужчины,329 247
        Курская область,сельское население,Всего,392 432
        Курская область,сельское население,женщины,210 921
        Курская область,сельское население,мужчины,181 511
        Липецкая область,все население,Всего,1 173 513
        Липецкая область,все население,женщины,638 046
        Липецкая область,все население,мужчины,535 467
        Липецкая область,городское население,Всего,747 213
        Липецкая область,городское население,женщины,408 582
        Липецкая область,городское население,мужчины,338 631
        Липецкая область,сельское население,Всего,426 300
        Липецкая область,сельское население,женщины,229 464
        Липецкая область,сельское население,мужчины,196 836
        Московская область,все население,Всего,7 095 120
        Московская область,все население,женщины,3 824 387
        Московская область,все население,мужчины,3 270 733
        Московская область,городское население,Всего,5 683 710
        Московская область,городское население,женщины,3 082 262
        Московская область,городское население,мужчины,2 601 448
        Московская область,сельское население,Всего,1 411 410
        Московская область,сельское население,женщины,742 125
        Московская область,сельское население,мужчины,669 285
        Орловская область,все население,Всего,786 935
        Орловская область,все население,женщины,431 683
        Орловская область,все население,мужчины,355 252
        Орловская область,городское население,Всего,515 404
        Орловская область,городское население,женщины,285 751
        Орловская область,городское население,мужчины,229 653
        Орловская область,сельское население,Всего,271 531
        Орловская область,сельское население,женщины,145 932
        Орловская область,сельское население,мужчины,125 599
        Рязанская область,все население,Всего,1 154 114
        Рязанская область,все население,женщины,629 551
        Рязанская область,все население,мужчины,524 563
        Рязанская область,городское население,Всего,818 349
        Рязанская область,городское население,женщины,448 444
        Рязанская область,городское население,мужчины,369 905
        Рязанская область,сельское население,Всего,335 765
        Рязанская область,сельское население,женщины,181 107
        Рязанская область,сельское население,мужчины,154 658
        Смоленская область,все население,Всего,985 537
        Смоленская область,все население,женщины,537 152
        Смоленская область,все население,мужчины,448 385
        Смоленская область,городское население,Всего,716 299
        Смоленская область,городское население,женщины,394 795
        Смоленская область,городское население,мужчины,321 504
        Смоленская область,сельское население,Всего,269 238
        Смоленская область,сельское население,женщины,142 357
        Смоленская область,сельское население,мужчины,126 881
        Тамбовская область,все население,Всего,1 091 994
        Тамбовская область,все население,женщины,591 539
        Тамбовская область,все население,мужчины,500 455
        Тамбовская область,городское население,Всего,640 814
        Тамбовская область,городское население,женщины,353 024
        Тамбовская область,городское население,мужчины,287 790
        Тамбовская область,сельское население,Всего,451 180
        Тамбовская область,сельское население,женщины,238 515
        Тамбовская область,сельское население,мужчины,212 665
        Тверская область,все население,Всего,1 353 392
        Тверская область,все население,женщины,742 517
        Тверская область,все население,мужчины,610 875
        Тверская область,городское население,Всего,1 011 406
        Тверская область,городское население,женщины,561 776
        Тверская область,городское население,мужчины,449 630
        Тверская область,сельское население,Всего,341 986
        Тверская область,сельское население,женщины,180 741
        Тверская область,сельское население,мужчины,161 245
        Тульская область,все население,Всего,1 553 925
        Тульская область,все население,женщины,857 267
        Тульская область,все население,мужчины,696 658
        Тульская область,городское население,Всего,1 233 689
        Тульская область,городское население,женщины,686 138
        Тульская область,городское население,мужчины,547 551
        Тульская область,сельское население,Всего,320 236
        Тульская область,сельское население,женщины,171 129
        Тульская область,сельское население,мужчины,149 107
        Ярославская область,все население,Всего,1 272 468
        Ярославская область,все население,женщины,704 371
        Ярославская область,все население,мужчины,568 097
        Ярославская область,городское население,Всего,1 045 526
        Ярославская область,городское население,женщины,582 457
        Ярославская область,городское население,мужчины,463 069
        Ярославская область,сельское население,Всего,226 942
        Ярославская область,сельское население,женщины,121 914
        Ярославская область,сельское население,мужчины,105 028
        г.Москва,все население,Всего,11 503 501
        г.Москва,все население,женщины,6 198 879
        г.Москва,все население,мужчины,5 304 622
        г.Москва,городское население,Всего,11 503 501
        г.Москва,городское население,женщины,6 198 879
        г.Москва,городское население,мужчины,5 304 622
    Северо-Западный федеральный округ,все население,Всего,13 616 057
    Северо-Западный федеральный округ,все население,женщины,7 369 150
    Северо-Западный федеральный округ,все население,мужчины,6 246 907
    Северо-Западный федеральный округ,городское население,Всего,11 371 179
    Северо-Западный федеральный округ,городское население,женщины,6 202 364
    Северо-Западный федеральный округ,городское население,мужчины,5 168 815
    Северо-Западный федеральный округ,сельское население,Всего,2 244 878
    Северо-Западный федеральный округ,сельское население,женщины,1 166 786
    Северо-Западный федеральный округ,сельское население,мужчины,1 078 092
        Республика Карелия,все население,Всего,643 548
        Республика Карелия,все население,женщины,350 304
        Республика Карелия,все население,мужчины,293 244
        Республика Карелия,городское население,Всего,502 217
        Республика Карелия,городское население,женщины,275 384
        Республика Карелия,городское население,мужчины,226 833
        Республика Карелия,сельское население,Всего,141 331
        Республика Карелия,сельское население,женщины,74 920
        Республика Карелия,сельское население,мужчины,66 411
        Республика Коми,все население,Всего,901 189
        Республика Коми,все население,женщины,475 548
        Республика Коми,все население,мужчины,425 641
        Республика Коми,городское население,Всего,693 436
        Республика Коми,городское население,женщины,370 445
        Республика Коми,городское население,мужчины,322 991
        Республика Коми,сельское население,Всего,207 753
        Республика Коми,сельское население,женщины,105 103
        Республика Коми,сельское население,мужчины,102 650
        Архангельская область,все население,Всего,1 227 626
        Архангельская область,все население,женщины,654 529
        Архангельская область,все население,мужчины,573 097
        Архангельская область,городское население,Всего,928 973
        Архангельская область,городское население,женщины,502 306
        Архангельская область,городское население,мужчины,426 667
        Архангельская область,сельское население,Всего,298 653
        Архангельская область,сельское население,женщины,152 223
        Архангельская область,сельское население,мужчины,146 430
            Ненецкий автономный округ,все население,Всего,42 090
            Ненецкий автономный округ,все население,женщины,21 603
            Ненецкий автономный округ,все население,мужчины,20 487
            Ненецкий автономный округ,городское население,Всего,28 539
            Ненецкий автономный округ,городское население,женщины,14 931
            Ненецкий автономный округ,городское население,мужчины,13 608
            Ненецкий автономный округ,сельское население,Всего,13 551
            Ненецкий автономный округ,сельское население,женщины,6 672
            Ненецкий автономный округ,сельское население,мужчины,6 879
        Вологодская область,все население,Всего,1 202 444
        Вологодская область,все население,женщины,649 268
        Вологодская область,все население,мужчины,553 176
        Вологодская область,городское население,Всего,849 853
        Вологодская область,городское население,женщины,463 995
        Вологодская область,городское население,мужчины,385 858
        Вологодская область,сельское население,Всего,352 591
        Вологодская область,сельское население,женщины,185 273
        Вологодская область,сельское население,мужчины,167 318
        Калининградская область,все население,Всего,941 873
        Калининградская область,все население,женщины,499 817
        Калининградская область,все население,мужчины,442 056
        Калининградская область,городское население,Всего,730 778
        Калининградская область,городское население,женщины,391 906
        Калининградская область,городское население,мужчины,338 872
        Калининградская область,сельское население,Всего,211 095
        Калининградская область,сельское население,женщины,107 911
        Калининградская область,сельское население,мужчины,103 184
        Ленинградская область,все население,Всего,1 716 868
        Ленинградская область,все население,женщины,918 918
        Ленинградская область,все население,мужчины,797 950
        Ленинградская область,городское население,Всего,1 127 551
        Ленинградская область,городское население,женщины,610 130
        Ленинградская область,городское население,мужчины,517 421
        Ленинградская область,сельское население,Всего,589 317
        Ленинградская область,сельское население,женщины,308 788
        Ленинградская область,сельское население,мужчины,280 529
        Мурманская область,все население,Всего,795 409
        Мурманская область,все население,женщины,415 849
        Мурманская область,все население,мужчины,379 560
        Мурманская область,городское население,Всего,738 382
        Мурманская область,городское население,женщины,389 561
        Мурманская область,городское население,мужчины,348 821
        Мурманская область,сельское население,Всего,57 027
        Мурманская область,сельское население,женщины,26 288
        Мурманская область,сельское население,мужчины,30 739
        Новгородская область,все население,Всего,634 111
        Новгородская область,все население,женщины,349 498
        Новгородская область,все население,мужчины,284 613
        Новгородская область,городское население,Всего,447 909
        Новгородская область,городское население,женщины,249 097
        Новгородская область,городское население,мужчины,198 812
        Новгородская область,сельское население,Всего,186 202
        Новгородская область,сельское население,женщины,100 401
        Новгородская область,сельское население,мужчины,85 801
        Псковская область,все население,Всего,673 423
        Псковская область,все население,женщины,364 771
        Псковская область,все население,мужчины,308 652
        Псковская область,городское население,Всего,472 514
        Псковская область,городское население,женщины,258 892
        Псковская область,городское население,мужчины,213 622
        Псковская область,сельское население,Всего,200 909
        Псковская область,сельское население,женщины,105 879
        Псковская область,сельское население,мужчины,95 030
        г.Санкт-Петербург,все население,Всего,4 879 566
        г.Санкт-Петербург,все население,женщины,2 690 648
        г.Санкт-Петербург,все население,мужчины,2 188 918
        г.Санкт-Петербург,городское население,Всего,4 879 566
        г.Санкт-Петербург,городское население,женщины,2 690 648
        г.Санкт-Петербург,городское население,мужчины,2 188 918
    Южный федеральный  округ (с 2010 года),все население,Всего,13 854 334
    Южный федеральный  округ (с 2010 года),все население,женщины,7 425 795
    Южный федеральный  округ (с 2010 года),все население,мужчины,6 428 539
    Южный федеральный  округ (с 2010 года),городское население,Всего,8 649 147
    Южный федеральный  округ (с 2010 года),городское население,женщины,4 693 641
    Южный федеральный  округ (с 2010 года),городское население,мужчины,3 955 506
    Южный федеральный  округ (с 2010 года),сельское население,Всего,5 205 187
    Южный федеральный  округ (с 2010 года),сельское население,женщины,2 732 154
    Южный федеральный  округ (с 2010 года),сельское население,мужчины,2 473 033
    Северо-Кавказский федеральный округ,все население,Всего,9 428 826
    Северо-Кавказский федеральный округ,все население,женщины,4 970 159
    Северо-Кавказский федеральный округ,все население,мужчины,4 458 667
    Северо-Кавказский федеральный округ,городское население,Всего,4 640 425
    Северо-Кавказский федеральный округ,городское население,женщины,2 484 491
    Северо-Кавказский федеральный округ,городское население,мужчины,2 155 934
    Северо-Кавказский федеральный округ,сельское население,Всего,4 788 401
    Северо-Кавказский федеральный округ,сельское население,женщины,2 485 668
    Северо-Кавказский федеральный округ,сельское население,мужчины,2 302 733
        Республика Дагестан,все население,Всего,2 910 249
        Республика Дагестан,все население,женщины,1 509 684
        Республика Дагестан,все население,мужчины,1 400 565
        Республика Дагестан,городское население,Всего,1 315 882
        Республика Дагестан,городское население,женщины,689 958
        Республика Дагестан,городское население,мужчины,625 924
        Республика Дагестан,сельское население,Всего,1 594 367
        Республика Дагестан,сельское население,женщины,819 726
        Республика Дагестан,сельское население,мужчины,774 641
        Республика Ингушетия,все население,Всего,412 529
        Республика Ингушетия,все население,женщины,227 969
        Республика Ингушетия,все население,мужчины,184 560
        Республика Ингушетия,городское население,Всего,157 816
        Республика Ингушетия,городское население,женщины,88 274
        Республика Ингушетия,городское население,мужчины,69 542
        Республика Ингушетия,сельское население,Всего,254 713
        Республика Ингушетия,сельское население,женщины,139 695
        Республика Ингушетия,сельское население,мужчины,115 018
        Кабардино-Балкарская Республика,все население,Всего,859 939
        Кабардино-Балкарская Республика,все население,женщины,458 164
        Кабардино-Балкарская Республика,все население,мужчины,401 775
        Кабардино-Балкарская Республика,городское население,Всего,468 456
        Кабардино-Балкарская Республика,городское население,женщины,255 985
        Кабардино-Балкарская Республика,городское население,мужчины,212 471
        Кабардино-Балкарская Республика,сельское население,Всего,391 483
        Кабардино-Балкарская Республика,сельское население,женщины,202 179
        Кабардино-Балкарская Республика,сельское население,мужчины,189 304
        Карачаево-Черкесская Республика,все население,Всего,477 859
        Карачаево-Черкесская Республика,все население,женщины,256 819
        Карачаево-Черкесская Республика,все население,мужчины,221 040
        Карачаево-Черкесская Республика,городское население,Всего,207 457
        Карачаево-Черкесская Республика,городское население,женщины,114 851
        Карачаево-Черкесская Республика,городское население,мужчины,92 606
        Карачаево-Черкесская Республика,сельское население,Всего,270 402
        Карачаево-Черкесская Республика,сельское население,женщины,141 968
        Карачаево-Черкесская Республика,сельское население,мужчины,128 434
        Республика Северная Осетия - Алания,все население,Всего,712 980
        Республика Северная Осетия - Алания,все население,женщины,381 969
        Республика Северная Осетия - Алания,все население,мужчины,331 011
        Республика Северная Осетия - Алания,городское население,Всего,454 560
        Республика Северная Осетия - Алания,городское население,женщины,246 615
        Республика Северная Осетия - Алания,городское население,мужчины,207 945
        Республика Северная Осетия - Алания,сельское население,Всего,258 420
        Республика Северная Осетия - Алания,сельское население,женщины,135 354
        Республика Северная Осетия - Алания,сельское население,мужчины,123 066
        Чеченская Республика,все население,Всего,1 268 989
        Чеченская Республика,все население,женщины,646 432
        Чеченская Республика,все население,мужчины,622 557
        Чеченская Республика,городское население,Всего,443 507
        Чеченская Республика,городское население,женщины,223 717
        Чеченская Республика,городское население,мужчины,219 790
        Чеченская Республика,сельское население,Всего,825 482
        Чеченская Республика,сельское население,женщины,422 715
        Чеченская Республика,сельское население,мужчины,402 767
        Ставропольский край,все население,Всего,2 786 281
        Ставропольский край,все население,женщины,1 489 122
        Ставропольский край,все население,мужчины,1 297 159
        Ставропольский край,городское население,Всего,1 592 747
        Ставропольский край,городское население,женщины,865 091
        Ставропольский край,городское население,мужчины,727 656
        Ставропольский край,сельское население,Всего,1 193 534
        Ставропольский край,сельское население,женщины,624 031
        Ставропольский край,сельское население,мужчины,569 503
    Приволжский федеральный округ,все население,Всего,29 899 699
    Приволжский федеральный округ,все население,женщины,16 144 950
    Приволжский федеральный округ,все население,мужчины,13 754 749
    Приволжский федеральный округ,городское население,Всего,21 181 880
    Приволжский федеральный округ,городское население,женщины,11 594 823
    Приволжский федеральный округ,городское население,мужчины,9 587 057
    Приволжский федеральный округ,сельское население,Всего,8 717 819
    Приволжский федеральный округ,сельское население,женщины,4 550 127
    Приволжский федеральный округ,сельское население,мужчины,4 167 692
        Республика Башкортостан,все население,Всего,4 072 292
        Республика Башкортостан,все население,женщины,2 168 519
        Республика Башкортостан,все население,мужчины,1 903 773
        Республика Башкортостан,городское население,Всего,2 461 652
        Республика Башкортостан,городское население,женщины,1 334 849
        Республика Башкортостан,городское население,мужчины,1 126 803
        Республика Башкортостан,сельское население,Всего,1 610 640
        Республика Башкортостан,сельское население,женщины,833 670
        Республика Башкортостан,сельское население,мужчины,776 970
        Республика Марий Эл,все население,Всего,696 459
        Республика Марий Эл,все население,женщины,372 587
        Республика Марий Эл,все население,мужчины,323 872
        Республика Марий Эл,городское население,Всего,439 622
        Республика Марий Эл,городское население,женщины,240 891
        Республика Марий Эл,городское население,мужчины,198 731
        Республика Марий Эл,сельское население,Всего,256 837
        Республика Марий Эл,сельское население,женщины,131 696
        Республика Марий Эл,сельское население,мужчины,125 141
        Республика Мордовия,все население,Всего,834 755
        Республика Мордовия,все население,женщины,451 092
        Республика Мордовия,все население,мужчины,383 663
        Республика Мордовия,городское население,Всего,504 336
        Республика Мордовия,городское население,женщины,277 129
        Республика Мордовия,городское население,мужчины,227 207
        Республика Мордовия,сельское население,Всего,330 419
        Республика Мордовия,сельское население,женщины,173 963
        Республика Мордовия,сельское население,мужчины,156 456
        Республика Татарстан,все население,Всего,3 786 488
        Республика Татарстан,все население,женщины,2 038 045
        Республика Татарстан,все население,мужчины,1 748 443
        Республика Татарстан,городское население,Всего,2 853 661
        Республика Татарстан,городское население,женщины,1 551 540
        Республика Татарстан,городское население,мужчины,1 302 121
        Республика Татарстан,сельское население,Всего,932 827
        Республика Татарстан,сельское население,женщины,486 505
        Республика Татарстан,сельское население,мужчины,446 322
        Удмуртская Республика,все население,Всего,1 521 420
        Удмуртская Республика,все население,женщины,821 787
        Удмуртская Республика,все население,мужчины,699 633
        Удмуртская Республика,городское население,Всего,1 052 153
        Удмуртская Республика,городское население,женщины,580 185
        Удмуртская Республика,городское население,мужчины,471 968
        Удмуртская Республика,сельское население,Всего,469 267
        Удмуртская Республика,сельское население,женщины,241 602
        Удмуртская Республика,сельское население,мужчины,227 665
        Чувашская Республика,все население,Всего,1 251 619
        Чувашская Республика,все население,женщины,669 813
        Чувашская Республика,все население,мужчины,581 806
        Чувашская Республика,городское население,Всего,735 890
        Чувашская Республика,городское население,женщины,404 614
        Чувашская Республика,городское население,мужчины,331 276
        Чувашская Республика,сельское население,Всего,515 729
        Чувашская Республика,сельское население,женщины,265 199
        Чувашская Республика,сельское население,мужчины,250 530
        Пермский край,все население,Всего,2 635 276
        Пермский край,все население,женщины,1 428 239
        Пермский край,все население,мужчины,1 207 037
        Пермский край,городское население,Всего,1 976 070
        Пермский край,городское население,женщины,1 088 109
        Пермский край,городское население,мужчины,887 961
        Пермский край,сельское население,Всего,659 206
        Пермский край,сельское население,женщины,340 130
        Пермский край,сельское население,мужчины,319 076
        Кировская область,все население,Всего,1 341 312
        Кировская область,все население,женщины,725 095
        Кировская область,все население,мужчины,616 217
        Кировская область,городское население,Всего,993 176
        Кировская область,городское население,женщины,544 371
        Кировская область,городское население,мужчины,448 805
        Кировская область,сельское население,Всего,348 136
        Кировская область,сельское население,женщины,180 724
        Кировская область,сельское население,мужчины,167 412
        Нижегородская область,все население,Всего,3 310 597
        Нижегородская область,все население,женщины,1 814 292
        Нижегородская область,все население,мужчины,1 496 305
        Нижегородская область,городское население,Всего,2 611 497
        Нижегородская область,городское население,женщины,1 444 837
        Нижегородская область,городское население,мужчины,1 166 660
        Нижегородская область,сельское население,Всего,699 100
        Нижегородская область,сельское население,женщины,369 455
        Нижегородская область,сельское население,мужчины,329 645
        Оренбургская область,все население,Всего,2 033 072
        Оренбургская область,все население,женщины,1 087 878
        Оренбургская область,все население,мужчины,945 194
        Оренбургская область,городское население,Всего,1 213 937
        Оренбургская область,городское население,женщины,659 002
        Оренбургская область,городское население,мужчины,554 935
        Оренбургская область,сельское население,Всего,819 135
        Оренбургская область,сельское население,женщины,428 876
        Оренбургская область,сельское население,мужчины,390 259
        Пензенская область,все население,Всего,1 386 186
        Пензенская область,все население,женщины,753 637
        Пензенская область,все население,мужчины,632 549
        Пензенская область,городское население,Всего,930 102
        Пензенская область,городское население,женщины,510 233
        Пензенская область,городское население,мужчины,419 869
        Пензенская область,сельское население,Всего,456 084
        Пензенская область,сельское население,женщины,243 404
        Пензенская область,сельское население,мужчины,212 680
        Самарская область,все население,Всего,3 215 532
        Самарская область,все население,женщины,1 743 821
        Самарская область,все население,мужчины,1 471 711
        Самарская область,городское население,Всего,2 579 589
        Самарская область,городское население,женщины,1 409 293
        Самарская область,городское население,мужчины,1 170 296
        Самарская область,сельское население,Всего,635 943
        Самарская область,сельское население,женщины,334 528
        Самарская область,сельское население,мужчины,301 415
        Саратовская область,все население,Всего,2 521 892
        Саратовская область,все население,женщины,1 369 434
        Саратовская область,все население,мужчины,1 152 458
        Саратовская область,городское население,Всего,1 879 565
        Саратовская область,городское население,женщины,1 031 597
        Саратовская область,городское население,мужчины,847 968
        Саратовская область,сельское население,Всего,642 327
        Саратовская область,сельское население,женщины,337 837
        Саратовская область,сельское население,мужчины,304 490
        Ульяновская область,все население,Всего,1 292 799
        Ульяновская область,все население,женщины,700 711
        Ульяновская область,все население,мужчины,592 088
        Ульяновская область,городское население,Всего,950 630
        Ульяновская область,городское население,женщины,518 173
        Ульяновская область,городское население,мужчины,432 457
        Ульяновская область,сельское население,Всего,342 169
        Ульяновская область,сельское население,женщины,182 538
        Ульяновская область,сельское население,мужчины,159 631
    Уральский федеральный округ,все население,Всего,12 080 526
    Уральский федеральный округ,все население,женщины,6 468 875
    Уральский федеральный округ,все население,мужчины,5 611 651
    Уральский федеральный округ,городское население,Всего,9 656 211
    Уральский федеральный округ,городское население,женщины,5 204 385
    Уральский федеральный округ,городское население,мужчины,4 451 826
    Уральский федеральный округ,сельское население,Всего,2 424 315
    Уральский федеральный округ,сельское население,женщины,1 264 490
    Уральский федеральный округ,сельское население,мужчины,1 159 825
        Курганская область,все население,Всего,910 807
        Курганская область,все население,женщины,492 765
        Курганская область,все население,мужчины,418 042
        Курганская область,городское население,Всего,548 820
        Курганская область,городское население,женщины,302 173
        Курганская область,городское население,мужчины,246 647
        Курганская область,сельское население,Всего,361 987
        Курганская область,сельское население,женщины,190 592
        Курганская область,сельское население,мужчины,171 395
        Свердловская область,все население,Всего,4 297 747
        Свердловская область,все население,женщины,2 330 077
        Свердловская область,все население,мужчины,1 967 670
        Свердловская область,городское население,Всего,3 604 012
        Свердловская область,городское население,женщины,1 967 917
        Свердловская область,городское население,мужчины,1 636 095
        Свердловская область,сельское население,Всего,693 735
        Свердловская область,сельское население,женщины,362 160
        Свердловская область,сельское население,мужчины,331 575
        Тюменская область,все население,Всего,3 395 755
        Тюменская область,все население,женщины,1 759 792
        Тюменская область,все население,мужчины,1 635 963
        Тюменская область,городское население,Всего,2 653 456
        Тюменская область,городское население,женщины,1 379 167
        Тюменская область,городское население,мужчины,1 274 289
        Тюменская область,сельское население,Всего,742 299
        Тюменская область,сельское население,женщины,380 625
        Тюменская область,сельское население,мужчины,361 674
            Ханты-Мансийский автономный округ-Югра,все население,Всего,1 532 243
            Ханты-Мансийский автономный округ-Югра,все население,женщины,781 394
            Ханты-Мансийский автономный округ-Югра,все население,мужчины,750 849
            Ханты-Мансийский автономный округ-Югра,городское население,Всего,1 401 429
            Ханты-Мансийский автономный округ-Югра,городское население,женщины,717 728
            Ханты-Мансийский автономный округ-Югра,городское население,мужчины,683 701
            Ханты-Мансийский автономный округ-Югра,сельское население,Всего,130 814
            Ханты-Мансийский автономный округ-Югра,сельское население,женщины,63 666
            Ханты-Мансийский автономный округ-Югра,сельское население,мужчины,67 148
            Ямало-Ненецкий автономный округ,все население,Всего,522 904
            Ямало-Ненецкий автономный округ,все население,женщины,263 704
            Ямало-Ненецкий автономный округ,все население,мужчины,259 200
            Ямало-Ненецкий автономный округ,городское население,Всего,443 043
            Ямало-Ненецкий автономный округ,городское население,женщины,224 080
            Ямало-Ненецкий автономный округ,городское население,мужчины,218 963
            Ямало-Ненецкий автономный округ,сельское население,Всего,79 861
            Ямало-Ненецкий автономный округ,сельское население,женщины,39 624
            Ямало-Ненецкий автономный округ,сельское население,мужчины,40 237
        Челябинская область,все население,Всего,3 476 217
        Челябинская область,все население,женщины,1 886 241
        Челябинская область,все население,мужчины,1 589 976
        Челябинская область,городское население,Всего,2 849 923
        Челябинская область,городское население,женщины,1 555 128
        Челябинская область,городское население,мужчины,1 294 795
        Челябинская область,сельское население,Всего,626 294
        Челябинская область,сельское население,женщины,331 113
        Челябинская область,сельское население,мужчины,295 181
    Сибирский федеральный округ,все население,Всего,19 256 426
    Сибирский федеральный округ,все население,женщины,10 304 269
    Сибирский федеральный округ,все население,мужчины,8 952 157
    Сибирский федеральный округ,городское население,Всего,13 857 121
    Сибирский федеральный округ,городское население,женщины,7 500 150
    Сибирский федеральный округ,городское население,мужчины,6 356 971
    Сибирский федеральный округ,сельское население,Всего,5 399 305
    Сибирский федеральный округ,сельское население,женщины,2 804 119
    Сибирский федеральный округ,сельское население,мужчины,2 595 186
        Республика Алтай,все население,Всего,206 168
        Республика Алтай,все население,женщины,108 714
        Республика Алтай,все население,мужчины,97 454
        Республика Алтай,городское население,Всего,56 933
        Республика Алтай,городское население,женщины,31 703
        Республика Алтай,городское население,мужчины,25 230
        Республика Алтай,сельское население,Всего,149 235
        Республика Алтай,сельское население,женщины,77 011
        Республика Алтай,сельское население,мужчины,72 224
        Республика Бурятия,все население,Всего,972 021
        Республика Бурятия,все население,женщины,509 666
        Республика Бурятия,все население,мужчины,462 355
        Республика Бурятия,городское население,Всего,567 632
        Республика Бурятия,городское население,женщины,301 091
        Республика Бурятия,городское население,мужчины,266 541
        Республика Бурятия,сельское население,Всего,404 389
        Республика Бурятия,сельское население,женщины,208 575
        Республика Бурятия,сельское население,мужчины,195 814
        Республика Тыва,все население,Всего,307 930
        Республика Тыва,все население,женщины,161 965
        Республика Тыва,все население,мужчины,145 965
        Республика Тыва,городское население,Всего,163 402
        Республика Тыва,городское население,женщины,86 970
        Республика Тыва,городское население,мужчины,76 432
        Республика Тыва,сельское население,Всего,144 528
        Республика Тыва,сельское население,женщины,74 995
        Республика Тыва,сельское население,мужчины,69 533
        Республика Хакасия,все население,Всего,532 403
        Республика Хакасия,все население,женщины,285 518
        Республика Хакасия,все население,мужчины,246 885
        Республика Хакасия,городское население,Всего,358 187
        Республика Хакасия,городское население,женщины,193 870
        Республика Хакасия,городское население,мужчины,164 317
        Республика Хакасия,сельское население,Всего,174 216
        Республика Хакасия,сельское население,женщины,91 648
        Республика Хакасия,сельское население,мужчины,82 568
        Алтайский край,все население,Всего,2 419 755
        Алтайский край,все население,женщины,1 302 300
        Алтайский край,все население,мужчины,1 117 455
        Алтайский край,городское население,Всего,1 323 578
        Алтайский край,городское население,женщины,723 181
        Алтайский край,городское население,мужчины,600 397
        Алтайский край,сельское население,Всего,1 096 177
        Алтайский край,сельское население,женщины,579 119
        Алтайский край,сельское население,мужчины,517 058
        Забайкальский край,все население,Всего,1 107 107
        Забайкальский край,все население,женщины,577 621
        Забайкальский край,все население,мужчины,529 486
        Забайкальский край,городское население,Всего,729 641
        Забайкальский край,городское население,женщины,385 563
        Забайкальский край,городское население,мужчины,344 078
        Забайкальский край,сельское население,Всего,377 466
        Забайкальский край,сельское население,женщины,192 058
        Забайкальский край,сельское население,мужчины,185 408
        Красноярский край,все население,Всего,2 828 187
        Красноярский край,все население,женщины,1 510 612
        Красноярский край,все население,мужчины,1 317 575
        Красноярский край,городское население,Всего,2 157 706
        Красноярский край,городское население,женщины,1 167 095
        Красноярский край,городское население,мужчины,990 611
        Красноярский край,сельское население,Всего,670 481
        Красноярский край,сельское население,женщины,343 517
        Красноярский край,сельское население,мужчины,326 964
        Иркутская область,все население,Всего,2 428 750
        Иркутская область,все население,женщины,1 304 370
        Иркутская область,все население,мужчины,1 124 380
        Иркутская область,городское население,Всего,1 932 334
        Иркутская область,городское население,женщины,1 049 534
        Иркутская область,городское население,мужчины,882 800
        Иркутская область,сельское население,Всего,496 416
        Иркутская область,сельское население,женщины,254 836
        Иркутская область,сельское население,мужчины,241 580
        Кемеровская область,все население,Всего,2 763 135
        Кемеровская область,все население,женщины,1 496 671
        Кемеровская область,все население,мужчины,1 266 464
        Кемеровская область,городское население,Всего,2 358 901
        Кемеровская область,городское население,женщины,1 286 786
        Кемеровская область,городское население,мужчины,1 072 115
        Кемеровская область,сельское население,Всего,404 234
        Кемеровская область,сельское население,женщины,209 885
        Кемеровская область,сельское население,мужчины,194 349
        Новосибирская область,все население,Всего,2 665 911
        Новосибирская область,все население,женщины,1 426 914
        Новосибирская область,все население,мужчины,1 238 997
        Новосибирская область,городское население,Всего,2 059 914
        Новосибирская область,городское население,женщины,1 111 626
        Новосибирская область,городское население,мужчины,948 288
        Новосибирская область,сельское население,Всего,605 997
        Новосибирская область,сельское население,женщины,315 288
        Новосибирская область,сельское население,мужчины,290 709
        Омская область,все население,Всего,1 977 665
        Омская область,все население,женщины,1 064 536
        Омская область,все население,мужчины,913 129
        Омская область,городское население,Всего,1 413 226
        Омская область,городское население,женщины,769 808
        Омская область,городское население,мужчины,643 418
        Омская область,сельское население,Всего,564 439
        Омская область,сельское население,женщины,294 728
        Омская область,сельское население,мужчины,269 711
        Томская область,все население,Всего,1 047 394
        Томская область,все население,женщины,555 382
        Томская область,все население,мужчины,492 012
        Томская область,городское население,Всего,735 667
        Томская область,городское население,женщины,392 923
        Томская область,городское население,мужчины,342 744
        Томская область,сельское население,Всего,311 727
        Томская область,сельское население,женщины,162 459
        Томская область,сельское население,мужчины,149 268
    Дальневосточный федеральный округ,все население,Всего,6 293 129
    Дальневосточный федеральный округ,все население,женщины,3 271 822
    Дальневосточный федеральный округ,все население,мужчины,3 021 307
    Дальневосточный федеральный округ,городское население,Всего,4 705 970
    Дальневосточный федеральный округ,городское население,женщины,2 480 022
    Дальневосточный федеральный округ,городское население,мужчины,2 225 948
    Дальневосточный федеральный округ,сельское население,Всего,1 587 159
    Дальневосточный федеральный округ,сельское население,женщины,791 800
    Дальневосточный федеральный округ,сельское население,мужчины,795 359
        Республика Саха (Якутия),все население,Всего,958 528
        Республика Саха (Якутия),все население,женщины,492 622
        Республика Саха (Якутия),все население,мужчины,465 906
        Республика Саха (Якутия),городское население,Всего,614 545
        Республика Саха (Якутия),городское население,женщины,317 972
        Республика Саха (Якутия),городское население,мужчины,296 573
        Республика Саха (Якутия),сельское население,Всего,343 983
        Республика Саха (Якутия),сельское население,женщины,174 650
        Республика Саха (Якутия),сельское население,мужчины,169 333
        Камчатский край,все население,Всего,322 079
        Камчатский край,все население,женщины,162 437
        Камчатский край,все население,мужчины,159 642
        Камчатский край,городское население,Всего,249 150
        Камчатский край,городское население,женщины,126 455
        Камчатский край,городское население,мужчины,122 695
        Камчатский край,сельское население,Всего,72 929
        Камчатский край,сельское население,женщины,35 982
        Камчатский край,сельское население,мужчины,36 947
        Приморский край,все население,Всего,1 956 497
        Приморский край,все население,женщины,1 019 680
        Приморский край,все население,мужчины,936 817
        Приморский край,городское население,Всего,1 488 957
        Приморский край,городское население,женщины,786 989
        Приморский край,городское население,мужчины,701 968
        Приморский край,сельское население,Всего,467 540
        Приморский край,сельское население,женщины,232 691
        Приморский край,сельское население,мужчины,234 849
        Хабаровский край,все население,Всего,1 343 869
        Хабаровский край,все население,женщины,704 034
        Хабаровский край,все население,мужчины,639 835
        Хабаровский край,городское население,Всего,1 099 714
        Хабаровский край,городское население,женщины,584 750
        Хабаровский край,городское население,мужчины,514 964
        Хабаровский край,сельское население,Всего,244 155
        Хабаровский край,сельское население,женщины,119 284
        Хабаровский край,сельское население,мужчины,124 871
        Амурская область,все население,Всего,830 103
        Амурская область,все население,женщины,436 316
        Амурская область,все население,мужчины,393 787
        Амурская область,городское население,Всего,554 572
        Амурская область,городское население,женщины,297 733
        Амурская область,городское население,мужчины,256 839
        Амурская область,сельское население,Всего,275 531
        Амурская область,сельское население,женщины,138 583
        Амурская область,сельское население,мужчины,136 948
        Магаданская область,все население,Всего,156 996
        Магаданская область,все население,женщины,80 601
        Магаданская область,все население,мужчины,76 395
        Магаданская область,городское население,Всего,149 811
        Магаданская область,городское население,женщины,77 266
        Магаданская область,городское население,мужчины,72 545
        Магаданская область,сельское население,Всего,7 185
        Магаданская область,сельское население,женщины,3 335
        Магаданская область,сельское население,мужчины,3 850
        Сахалинская область,все население,Всего,497 973
        Сахалинская область,все население,женщины,258 462
        Сахалинская область,все население,мужчины,239 511
        Сахалинская область,городское население,Всего,397 106
        Сахалинская область,городское население,женщины,208 141
        Сахалинская область,городское население,мужчины,188 965
        Сахалинская область,сельское население,Всего,100 867
        Сахалинская область,сельское население,женщины,50 321
        Сахалинская область,сельское население,мужчины,50 546
        Еврейская автономная область,все население,Всего,176 558
        Еврейская автономная область,все население,женщины,92 462
        Еврейская автономная область,все население,мужчины,84 096
        Еврейская автономная область,городское население,Всего,119 381
        Еврейская автономная область,городское население,женщины,64 313
        Еврейская автономная область,городское население,мужчины,55 068
        Еврейская автономная область,сельское население,Всего,57 177
        Еврейская автономная область,сельское население,женщины,28 149
        Еврейская автономная область,сельское население,мужчины,29 028
        Чукотский автономный округ,все население,Всего,50 526
        Чукотский автономный округ,все население,женщины,25 208
        Чукотский автономный округ,все население,мужчины,25 318
        Чукотский автономный округ,городское население,Всего,32 734
        Чукотский автономный округ,городское население,женщины,16 403
        Чукотский автономный округ,городское население,мужчины,16 331
        Чукотский автономный округ,сельское население,Всего,17 792
        Чукотский автономный округ,сельское население,женщины,8 805
        Чукотский автономный округ,сельское население,мужчины,8 987
Республика Адыгея,все население,Всего,439 996
Республика Адыгея,все население,женщины,235 471
Республика Адыгея,все население,мужчины,204 525
Республика Адыгея,городское население,Всего,223 895
Республика Адыгея,городское население,женщины,122 223
Республика Адыгея,городское население,мужчины,101 672
Республика Адыгея,сельское население,Всего,216 101
Республика Адыгея,сельское население,женщины,113 248
Республика Адыгея,сельское население,мужчины,102 853
Республика Калмыкия,все население,Всего,289 481
Республика Калмыкия,все население,женщины,150 181
Республика Калмыкия,все население,мужчины,139 300
Республика Калмыкия,городское население,Всего,127 637
Республика Калмыкия,городское население,женщины,69 018
Республика Калмыкия,городское население,мужчины,58 619
Республика Калмыкия,сельское население,Всего,161 844
Республика Калмыкия,сельское население,женщины,81 163
Республика Калмыкия,сельское население,мужчины,80 681
Краснодарский край,все население,Всего,5 226 647
Краснодарский край,все население,женщины,2 803 161
Краснодарский край,все население,мужчины,2 423 486
Краснодарский край,городское население,Всего,2 765 435
Краснодарский край,городское население,женщины,1 501 397
Краснодарский край,городское население,мужчины,1 264 038
Краснодарский край,сельское население,Всего,2 461 212
Краснодарский край,сельское население,женщины,1 301 764
Краснодарский край,сельское население,мужчины,1 159 448
Астраханская область,все население,Всего,1 010 073
Астраханская область,все население,женщины,536 846
Астраханская область,все население,мужчины,473 227
Астраханская область,городское население,Всего,673 737
Астраханская область,городское население,женщины,362 223
Астраханская область,городское население,мужчины,311 514
Астраханская область,сельское население,Всего,336 336
Астраханская область,сельское население,женщины,174 623
Астраханская область,сельское население,мужчины,161 713
Волгоградская область,все население,Всего,2 610 161
Волгоградская область,все население,женщины,1 401 714
Волгоградская область,все население,мужчины,1 208 447
Волгоградская область,городское население,Всего,1 983 322
Волгоградская область,городское население,женщины,1 076 349
Волгоградская область,городское население,мужчины,906 973
Волгоградская область,сельское население,Всего,626 839
Волгоградская область,сельское население,женщины,325 365
Волгоградская область,сельское население,мужчины,301 474
Ростовская область,все население,Всего,4 277 976
Ростовская область,все население,женщины,2 298 422
Ростовская область,все население,мужчины,1 979 554
Ростовская область,городское население,Всего,2 875 121
Ростовская область,городское население,женщины,1 562 431
Ростовская область,городское население,мужчины,1 312 690
Ростовская область,сельское население,Всего,1 402 855
Ростовская область,сельское население,женщины,735 991
Ростовская область,сельское население,мужчины,666 864
