"Численность постоянного населения по предварительным итогам Всероссийской переписи населения (2002, тысяча человек, значение показателя за год)",,,
,,,
,,,Численность постоянного населения по предварительным итогам Всероссийской переписи населения
Российская Федерация,все население,Всего,"145 181,9"
Российская Федерация,все население,женщины,"77 624,6"
Российская Федерация,все население,мужчины,"67 557,3"
Российская Федерация,городское население,Всего,"106 470,2"
Российская Федерация,городское население,женщины,"57 337,9"
Российская Федерация,городское население,мужчины,"49 132,3"
Российская Федерация,сельское население,Всего,"38 711,7"
Российская Федерация,сельское население,женщины,"20 286,7"
Российская Федерация,сельское население,мужчины,18 425
    Центральный федеральный округ,все население,Всего,37 991
    Центральный федеральный округ,все население,женщины,"20 510,4"
    Центральный федеральный округ,все население,мужчины,"17 480,6"
    Центральный федеральный округ,городское население,Всего,"30 358,8"
    Центральный федеральный округ,городское население,женщины,"16 404,9"
    Центральный федеральный округ,городское население,мужчины,"13 953,9"
    Центральный федеральный округ,сельское население,Всего,"7 632,2"
    Центральный федеральный округ,сельское население,женщины,"4 105,5"
    Центральный федеральный округ,сельское население,мужчины,"3 526,7"
        Белгородская область,все население,Всего,"1 512,4"
        Белгородская область,все население,женщины,"818,5"
        Белгородская область,все население,мужчины,"693,9"
        Белгородская область,городское население,Всего,"986,3"
        Белгородская область,городское население,женщины,"532,8"
        Белгородская область,городское население,мужчины,"453,5"
        Белгородская область,сельское население,Всего,"526,1"
        Белгородская область,сельское население,женщины,"285,7"
        Белгородская область,сельское население,мужчины,"240,4"
        Брянская область,все население,Всего,"1 378,9"
        Брянская область,все население,женщины,"749,6"
        Брянская область,все население,мужчины,"629,3"
        Брянская область,городское население,Всего,"943,5"
        Брянская область,городское население,женщины,"514,7"
        Брянская область,городское население,мужчины,"428,8"
        Брянская область,сельское население,Всего,"435,4"
        Брянская область,сельское население,женщины,"234,9"
        Брянская область,сельское население,мужчины,"200,5"
        Владимирская область,все население,Всего,"1 524,9"
        Владимирская область,все население,женщины,"834,6"
        Владимирская область,все население,мужчины,"690,3"
        Владимирская область,городское население,Всего,"1 215,4"
        Владимирская область,городское население,женщины,"666,3"
        Владимирская область,городское население,мужчины,"549,1"
        Владимирская область,сельское население,Всего,"309,5"
        Владимирская область,сельское население,женщины,"168,3"
        Владимирская область,сельское население,мужчины,"141,2"
        Воронежская область,все население,Всего,2 379
        Воронежская область,все население,женщины,"1 290,5"
        Воронежская область,все население,мужчины,"1 088,5"
        Воронежская область,городское население,Всего,"1 473,7"
        Воронежская область,городское население,женщины,"801,4"
        Воронежская область,городское население,мужчины,"672,3"
        Воронежская область,сельское население,Всего,"905,3"
        Воронежская область,сельское население,женщины,"489,1"
        Воронежская область,сельское население,мужчины,"416,2"
        Ивановская область,все население,Всего,"1 148,9"
        Ивановская область,все население,женщины,"633,5"
        Ивановская область,все население,мужчины,"515,4"
        Ивановская область,городское население,Всего,"949,7"
        Ивановская область,городское население,женщины,"527,7"
        Ивановская область,городское население,мужчины,422
        Ивановская область,сельское население,Всего,"199,2"
        Ивановская область,сельское население,женщины,"105,8"
        Ивановская область,сельское население,мужчины,"93,4"
        Калужская область,все население,Всего,"1 040,9"
        Калужская область,все население,женщины,"564,5"
        Калужская область,все население,мужчины,"476,4"
        Калужская область,городское население,Всего,"779,7"
        Калужская область,городское население,женщины,"423,1"
        Калужская область,городское население,мужчины,"356,6"
        Калужская область,сельское население,Всего,"261,2"
        Калужская область,сельское население,женщины,"141,4"
        Калужская область,сельское население,мужчины,"119,8"
        Костромская область,все население,Всего,"737,5"
        Костромская область,все население,женщины,"399,8"
        Костромская область,все население,мужчины,"337,7"
        Костромская область,городское население,Всего,497
        Костромская область,городское население,женщины,"271,8"
        Костромская область,городское население,мужчины,"225,2"
        Костромская область,сельское население,Всего,"240,5"
        Костромская область,сельское население,женщины,128
        Костромская область,сельское население,мужчины,"112,5"
        Курская область,все население,Всего,"1 235,6"
        Курская область,все население,женщины,"670,1"
        Курская область,все население,мужчины,"565,5"
        Курская область,городское население,Всего,"756,8"
        Курская область,городское население,женщины,412
        Курская область,городское население,мужчины,"344,8"
        Курская область,сельское население,Всего,"478,8"
        Курская область,сельское население,женщины,"258,1"
        Курская область,сельское население,мужчины,"220,7"
        Липецкая область,все население,Всего,"1 213,4"
        Липецкая область,все население,женщины,"657,3"
        Липецкая область,все население,мужчины,"556,1"
        Липецкая область,городское население,Всего,780
        Липецкая область,городское население,женщины,"422,8"
        Липецкая область,городское население,мужчины,"357,2"
        Липецкая область,сельское население,Всего,"433,4"
        Липецкая область,сельское население,женщины,"234,5"
        Липецкая область,сельское население,мужчины,"198,9"
        Московская область,все население,Всего,6 627
        Московская область,все население,женщины,"3 578,2"
        Московская область,все население,мужчины,"3 048,8"
        Московская область,городское население,Всего,"5 255,5"
        Московская область,городское население,женщины,2 848
        Московская область,городское население,мужчины,"2 407,5"
        Московская область,сельское население,Всего,"1 371,5"
        Московская область,сельское население,женщины,"730,2"
        Московская область,сельское население,мужчины,"641,3"
        Орловская область,все население,Всего,"860,6"
        Орловская область,все население,женщины,"467,5"
        Орловская область,все население,мужчины,"393,1"
        Орловская область,городское население,Всего,"546,8"
        Орловская область,городское население,женщины,"298,8"
        Орловская область,городское население,мужчины,248
        Орловская область,сельское население,Всего,"313,8"
        Орловская область,сельское население,женщины,"168,7"
        Орловская область,сельское население,мужчины,"145,1"
        Рязанская область,все население,Всего,1 228
        Рязанская область,все население,женщины,"666,7"
        Рязанская область,все население,мужчины,"561,3"
        Рязанская область,городское население,Всего,"846,3"
        Рязанская область,городское население,женщины,"459,2"
        Рязанская область,городское население,мужчины,"387,1"
        Рязанская область,сельское население,Всего,"381,7"
        Рязанская область,сельское население,женщины,"207,5"
        Рязанская область,сельское население,мужчины,"174,2"
        Смоленская область,все население,Всего,"1 050,5"
        Смоленская область,все население,женщины,"571,9"
        Смоленская область,все население,мужчины,"478,6"
        Смоленская область,городское население,Всего,"744,4"
        Смоленская область,городское население,женщины,"407,8"
        Смоленская область,городское население,мужчины,"336,6"
        Смоленская область,сельское население,Всего,"306,1"
        Смоленская область,сельское население,женщины,"164,1"
        Смоленская область,сельское население,мужчины,142
        Тамбовская область,все население,Всего,"1 179,6"
        Тамбовская область,все население,женщины,"639,5"
        Тамбовская область,все население,мужчины,"540,1"
        Тамбовская область,городское население,Всего,"675,3"
        Тамбовская область,городское население,женщины,"370,9"
        Тамбовская область,городское население,мужчины,"304,4"
        Тамбовская область,сельское население,Всего,"504,3"
        Тамбовская область,сельское население,женщины,"268,6"
        Тамбовская область,сельское население,мужчины,"235,7"
        Тверская область,все население,Всего,"1 472,6"
        Тверская область,все население,женщины,"810,1"
        Тверская область,все население,мужчины,"662,5"
        Тверская область,городское население,Всего,"1 076,9"
        Тверская область,городское население,женщины,"597,3"
        Тверская область,городское население,мужчины,"479,6"
        Тверская область,сельское население,Всего,"395,7"
        Тверская область,сельское население,женщины,"212,8"
        Тверская область,сельское население,мужчины,"182,9"
        Тульская область,все население,Всего,"1 675,7"
        Тульская область,все население,женщины,"920,2"
        Тульская область,все население,мужчины,"755,5"
        Тульская область,городское население,Всего,"1 366,7"
        Тульская область,городское население,женщины,"752,9"
        Тульская область,городское население,мужчины,"613,8"
        Тульская область,сельское население,Всего,309
        Тульская область,сельское население,женщины,"167,3"
        Тульская область,сельское население,мужчины,"141,7"
        Ярославская область,все население,Всего,"1 367,7"
        Ярославская область,все население,женщины,"749,5"
        Ярославская область,все население,мужчины,"618,2"
        Ярославская область,городское население,Всего,"1 107,1"
        Ярославская область,городское население,женщины,609
        Ярославская область,городское население,мужчины,"498,1"
        Ярославская область,сельское население,Всего,"260,6"
        Ярославская область,сельское население,женщины,"140,5"
        Ярославская область,сельское население,мужчины,"120,1"
        г.Москва,все население,Всего,"10 357,8"
        г.Москва,все население,женщины,"5 488,4"
        г.Москва,все население,мужчины,"4 869,4"
        г.Москва,городское население,Всего,"10 357,8"
        г.Москва,городское население,женщины,"5 488,4"
        г.Москва,городское население,мужчины,"4 869,4"
    Северо-Западный федеральный округ,все население,Всего,13 986
    Северо-Западный федеральный округ,все население,женщины,"7 525,1"
    Северо-Западный федеральный округ,все население,мужчины,"6 460,9"
    Северо-Западный федеральный округ,городское население,Всего,"11 514,4"
    Северо-Западный федеральный округ,городское население,женщины,6 238
    Северо-Западный федеральный округ,городское население,мужчины,"5 276,4"
    Северо-Западный федеральный округ,сельское население,Всего,"2 471,6"
    Северо-Западный федеральный округ,сельское население,женщины,"1 287,1"
    Северо-Западный федеральный округ,сельское население,мужчины,"1 184,5"
        Республика Карелия,все население,Всего,"716,7"
        Республика Карелия,все население,женщины,"383,9"
        Республика Карелия,все население,мужчины,"332,8"
        Республика Карелия,городское население,Всего,"537,8"
        Республика Карелия,городское население,женщины,"290,4"
        Республика Карелия,городское население,мужчины,"247,4"
        Республика Карелия,сельское население,Всего,"178,9"
        Республика Карелия,сельское население,женщины,"93,5"
        Республика Карелия,сельское население,мужчины,"85,4"
        Республика Коми,все население,Всего,1 019
        Республика Коми,все население,женщины,"530,2"
        Республика Коми,все население,мужчины,"488,8"
        Республика Коми,городское население,Всего,"767,1"
        Республика Коми,городское население,женщины,"403,9"
        Республика Коми,городское население,мужчины,"363,2"
        Республика Коми,сельское население,Всего,"251,9"
        Республика Коми,сельское население,женщины,"126,3"
        Республика Коми,сельское население,мужчины,"125,6"
        Архангельская область,все население,Всего,"1 335,7"
        Архангельская область,все население,женщины,"706,2"
        Архангельская область,все население,мужчины,"629,5"
        Архангельская область,городское население,Всего,999
        Архангельская область,городское население,женщины,"535,4"
        Архангельская область,городское население,мужчины,"463,6"
        Архангельская область,сельское население,Всего,"336,7"
        Архангельская область,сельское население,женщины,"170,8"
        Архангельская область,сельское население,мужчины,"165,9"
            Ненецкий автономный округ,все население,Всего,"41,5"
            Ненецкий автономный округ,все население,женщины,21
            Ненецкий автономный округ,все население,мужчины,"20,5"
            Ненецкий автономный округ,городское население,Всего,"26,2"
            Ненецкий автономный округ,городское население,женщины,"13,5"
            Ненецкий автономный округ,городское население,мужчины,"12,7"
            Ненецкий автономный округ,сельское население,Всего,"15,3"
            Ненецкий автономный округ,сельское население,женщины,"7,5"
            Ненецкий автономный округ,сельское население,мужчины,"7,8"
        Вологодская область,все население,Всего,1 270
        Вологодская область,все население,женщины,"681,3"
        Вологодская область,все население,мужчины,"588,7"
        Вологодская область,городское население,Всего,"876,9"
        Вологодская область,городское население,женщины,"474,5"
        Вологодская область,городское население,мужчины,"402,4"
        Вологодская область,сельское население,Всего,"393,1"
        Вологодская область,сельское население,женщины,"206,8"
        Вологодская область,сельское население,мужчины,"186,3"
        Калининградская область,все население,Всего,"955,2"
        Калининградская область,все население,женщины,"498,9"
        Калининградская область,все население,мужчины,"456,3"
        Калининградская область,городское население,Всего,"741,8"
        Калининградская область,городское население,женщины,"390,4"
        Калининградская область,городское население,мужчины,"351,4"
        Калининградская область,сельское население,Всего,"213,4"
        Калининградская область,сельское население,женщины,"108,5"
        Калининградская область,сельское население,мужчины,"104,9"
        Ленинградская область,все население,Всего,"1 671,1"
        Ленинградская область,все население,женщины,"902,2"
        Ленинградская область,все население,мужчины,"768,9"
        Ленинградская область,городское население,Всего,"1 110,4"
        Ленинградская область,городское население,женщины,602
        Ленинградская область,городское население,мужчины,"508,4"
        Ленинградская область,сельское население,Всего,"560,7"
        Ленинградская область,сельское население,женщины,"300,2"
        Ленинградская область,сельское население,мужчины,"260,5"
        Мурманская область,все население,Всего,"893,3"
        Мурманская область,все население,женщины,"457,6"
        Мурманская область,все население,мужчины,"435,7"
        Мурманская область,городское население,Всего,824
        Мурманская область,городское население,женщины,"427,6"
        Мурманская область,городское население,мужчины,"396,4"
        Мурманская область,сельское население,Всего,"69,3"
        Мурманская область,сельское население,женщины,30
        Мурманская область,сельское население,мужчины,"39,3"
        Новгородская область,все население,Всего,"694,7"
        Новгородская область,все население,женщины,"381,9"
        Новгородская область,все население,мужчины,"312,8"
        Новгородская область,городское население,Всего,"485,3"
        Новгородская область,городское население,женщины,"268,6"
        Новгородская область,городское население,мужчины,"216,7"
        Новгородская область,сельское население,Всего,"209,4"
        Новгородская область,сельское население,женщины,"113,3"
        Новгородская область,сельское население,мужчины,"96,1"
        Псковская область,все население,Всего,"760,9"
        Псковская область,все население,женщины,"412,8"
        Псковская область,все население,мужчины,"348,1"
        Псковская область,городское население,Всего,"502,9"
        Псковская область,городское население,женщины,"275,3"
        Псковская область,городское население,мужчины,"227,6"
        Псковская область,сельское население,Всего,258
        Псковская область,сельское население,женщины,"137,5"
        Псковская область,сельское население,мужчины,"120,5"
        г.Санкт-Петербург,все население,Всего,"4 669,4"
        г.Санкт-Петербург,все население,женщины,2 570
        г.Санкт-Петербург,все население,мужчины,"2 099,4"
        г.Санкт-Петербург,городское население,Всего,"4 669,4"
        г.Санкт-Петербург,городское население,женщины,2 570
        г.Санкт-Петербург,городское население,мужчины,"2 099,4"
    Южный федеральный округ (по 2009 год),все население,Всего,"22 914,2"
    Южный федеральный округ (по 2009 год),все население,женщины,"12 202,8"
    Южный федеральный округ (по 2009 год),все население,мужчины,"10 711,4"
    Южный федеральный округ (по 2009 год),городское население,Всего,"13 187,4"
    Южный федеральный округ (по 2009 год),городское население,женщины,"7 088,7"
    Южный федеральный округ (по 2009 год),городское население,мужчины,"6 098,7"
    Южный федеральный округ (по 2009 год),сельское население,Всего,"9 726,8"
    Южный федеральный округ (по 2009 год),сельское население,женщины,"5 114,1"
    Южный федеральный округ (по 2009 год),сельское население,мужчины,"4 612,7"
        Республика Дагестан,все население,Всего,"2 584,2"
        Республика Дагестан,все население,женщины,"1 337,2"
        Республика Дагестан,все население,мужчины,1 247
        Республика Дагестан,городское население,Всего,"1 108,1"
        Республика Дагестан,городское население,женщины,575
        Республика Дагестан,городское население,мужчины,"533,1"
        Республика Дагестан,сельское население,Всего,"1 476,1"
        Республика Дагестан,сельское население,женщины,"762,2"
        Республика Дагестан,сельское население,мужчины,"713,9"
        Республика Ингушетия,все население,Всего,"468,9"
        Республика Ингушетия,все население,женщины,"255,9"
        Республика Ингушетия,все население,мужчины,213
        Республика Ингушетия,городское население,Всего,"200,8"
        Республика Ингушетия,городское население,женщины,"109,2"
        Республика Ингушетия,городское население,мужчины,"91,6"
        Республика Ингушетия,сельское население,Всего,"268,1"
        Республика Ингушетия,сельское население,женщины,"146,7"
        Республика Ингушетия,сельское население,мужчины,"121,4"
        Кабардино-Балкарская Республика,все население,Всего,"900,5"
        Кабардино-Балкарская Республика,все население,женщины,478
        Кабардино-Балкарская Республика,все население,мужчины,"422,5"
        Кабардино-Балкарская Республика,городское население,Всего,"509,7"
        Кабардино-Балкарская Республика,городское население,женщины,"276,4"
        Кабардино-Балкарская Республика,городское население,мужчины,"233,3"
        Кабардино-Балкарская Республика,сельское население,Всего,"390,8"
        Кабардино-Балкарская Республика,сельское население,женщины,"201,6"
        Кабардино-Балкарская Республика,сельское население,мужчины,"189,2"
        Карачаево-Черкесская Республика,все население,Всего,"439,7"
        Карачаево-Черкесская Республика,все население,женщины,"233,6"
        Карачаево-Черкесская Республика,все население,мужчины,"206,1"
        Карачаево-Черкесская Республика,городское население,Всего,"193,7"
        Карачаево-Черкесская Республика,городское население,женщины,"105,6"
        Карачаево-Черкесская Республика,городское население,мужчины,"88,1"
        Карачаево-Черкесская Республика,сельское население,Всего,246
        Карачаево-Черкесская Республика,сельское население,женщины,128
        Карачаево-Черкесская Республика,сельское население,мужчины,118
        Республика Северная Осетия - Алания,все население,Всего,"709,9"
        Республика Северная Осетия - Алания,все население,женщины,"373,7"
        Республика Северная Осетия - Алания,все население,мужчины,"336,2"
        Республика Северная Осетия - Алания,городское население,Всего,"464,1"
        Республика Северная Осетия - Алания,городское население,женщины,"246,2"
        Республика Северная Осетия - Алания,городское население,мужчины,"217,9"
        Республика Северная Осетия - Алания,сельское население,Всего,"245,8"
        Республика Северная Осетия - Алания,сельское население,женщины,"127,5"
        Республика Северная Осетия - Алания,сельское население,мужчины,"118,3"
        Чеченская Республика,все население,Всего,"1 100,3"
        Чеченская Республика,все население,женщины,"611,3"
        Чеченская Республика,все население,мужчины,489
        Чеченская Республика,городское население,Всего,"379,2"
        Чеченская Республика,городское население,женщины,"209,2"
        Чеченская Республика,городское население,мужчины,170
        Чеченская Республика,сельское население,Всего,"721,1"
        Чеченская Республика,сельское население,женщины,"402,1"
        Чеченская Республика,сельское население,мужчины,319
        Ставропольский край,все население,Всего,"2 730,5"
        Ставропольский край,все население,женщины,"1 452,2"
        Ставропольский край,все население,мужчины,"1 278,3"
        Ставропольский край,городское население,Всего,"1 526,4"
        Ставропольский край,городское население,женщины,"822,6"
        Ставропольский край,городское население,мужчины,"703,8"
        Ставропольский край,сельское население,Всего,"1 204,1"
        Ставропольский край,сельское население,женщины,"629,6"
        Ставропольский край,сельское население,мужчины,"574,5"
    Приволжский федеральный округ,все население,Всего,"31 158,2"
    Приволжский федеральный округ,все население,женщины,"16 734,1"
    Приволжский федеральный округ,все население,мужчины,"14 424,1"
    Приволжский федеральный округ,городское население,Всего,"22 053,2"
    Приволжский федеральный округ,городское население,женщины,11 968
    Приволжский федеральный округ,городское население,мужчины,"10 085,2"
    Приволжский федеральный округ,сельское население,Всего,9 105
    Приволжский федеральный округ,сельское население,женщины,"4 766,1"
    Приволжский федеральный округ,сельское население,мужчины,"4 338,9"
        Республика Башкортостан,все население,Всего,"4 102,9"
        Республика Башкортостан,все население,женщины,"2 177,9"
        Республика Башкортостан,все население,мужчины,1 925
        Республика Башкортостан,городское население,Всего,"2 628,2"
        Республика Башкортостан,городское население,женщины,"1 413,4"
        Республика Башкортостан,городское население,мужчины,"1 214,8"
        Республика Башкортостан,сельское население,Всего,"1 474,7"
        Республика Башкортостан,сельское население,женщины,"764,5"
        Республика Башкортостан,сельское население,мужчины,"710,2"
        Республика Марий Эл,все население,Всего,728
        Республика Марий Эл,все население,женщины,"389,3"
        Республика Марий Эл,все население,мужчины,"338,7"
        Республика Марий Эл,городское население,Всего,"459,8"
        Республика Марий Эл,городское население,женщины,"250,3"
        Республика Марий Эл,городское население,мужчины,"209,5"
        Республика Марий Эл,сельское население,Всего,"268,2"
        Республика Марий Эл,сельское население,женщины,139
        Республика Марий Эл,сельское население,мужчины,"129,2"
        Республика Мордовия,все население,Всего,"888,7"
        Республика Мордовия,все население,женщины,480
        Республика Мордовия,все население,мужчины,"408,7"
        Республика Мордовия,городское население,Всего,"531,4"
        Республика Мордовия,городское население,женщины,"291,5"
        Республика Мордовия,городское население,мужчины,"239,9"
        Республика Мордовия,сельское население,Всего,"357,3"
        Республика Мордовия,сельское население,женщины,"188,5"
        Республика Мордовия,сельское население,мужчины,"168,8"
        Республика Татарстан,все население,Всего,"3 779,8"
        Республика Татарстан,все население,женщины,"2 027,6"
        Республика Татарстан,все население,мужчины,"1 752,2"
        Республика Татарстан,городское население,Всего,"2 791,2"
        Республика Татарстан,городское население,женщины,"1 509,1"
        Республика Татарстан,городское население,мужчины,"1 282,1"
        Республика Татарстан,сельское население,Всего,"988,6"
        Республика Татарстан,сельское население,женщины,"518,5"
        Республика Татарстан,сельское население,мужчины,"470,1"
        Удмуртская Республика,все население,Всего,"1 570,5"
        Удмуртская Республика,все население,женщины,"843,1"
        Удмуртская Республика,все население,мужчины,"727,4"
        Удмуртская Республика,городское население,Всего,"1 094,6"
        Удмуртская Республика,городское население,женщины,"597,3"
        Удмуртская Республика,городское население,мужчины,"497,3"
        Удмуртская Республика,сельское население,Всего,"475,9"
        Удмуртская Республика,сельское население,женщины,"245,8"
        Удмуртская Республика,сельское население,мужчины,"230,1"
        Чувашская Республика,все население,Всего,"1 313,9"
        Чувашская Республика,все население,женщины,"705,6"
        Чувашская Республика,все население,мужчины,"608,3"
        Чувашская Республика,городское население,Всего,"796,6"
        Чувашская Республика,городское население,женщины,"435,1"
        Чувашская Республика,городское население,мужчины,"361,5"
        Чувашская Республика,сельское население,Всего,"517,3"
        Чувашская Республика,сельское население,женщины,"270,5"
        Чувашская Республика,сельское население,мужчины,"246,8"
        Пермский край,все население,Всего,"2 824,4"
        Пермский край,все население,женщины,"1 514,4"
        Пермский край,все население,мужчины,1 310
        Пермский край,городское население,Всего,"2 124,6"
        Пермский край,городское население,женщины,"1 154,9"
        Пермский край,городское население,мужчины,"969,7"
        Пермский край,сельское население,Всего,"699,8"
        Пермский край,сельское население,женщины,"359,5"
        Пермский край,сельское население,мужчины,"340,3"
            Коми-Пермяцкий автономный округ,все население,Всего,"135,9"
            Коми-Пермяцкий автономный округ,все население,женщины,"70,8"
            Коми-Пермяцкий автономный округ,все население,мужчины,"65,1"
            Коми-Пермяцкий автономный округ,городское население,Всего,"35,7"
            Коми-Пермяцкий автономный округ,городское население,женщины,"19,6"
            Коми-Пермяцкий автономный округ,городское население,мужчины,"16,1"
            Коми-Пермяцкий автономный округ,сельское население,Всего,"100,2"
            Коми-Пермяцкий автономный округ,сельское население,женщины,"51,2"
            Коми-Пермяцкий автономный округ,сельское население,мужчины,49
        Кировская область,все население,Всего,"1 503,6"
        Кировская область,все население,женщины,"807,4"
        Кировская область,все население,мужчины,"696,2"
        Кировская область,городское население,Всего,1 079
        Кировская область,городское население,женщины,"584,8"
        Кировская область,городское население,мужчины,"494,2"
        Кировская область,сельское население,Всего,"424,6"
        Кировская область,сельское население,женщины,"222,6"
        Кировская область,сельское население,мужчины,202
        Нижегородская область,все население,Всего,3 524
        Нижегородская область,все население,женщины,"1 922,3"
        Нижегородская область,все население,мужчины,"1 601,7"
        Нижегородская область,городское население,Всего,"2 755,3"
        Нижегородская область,городское население,женщины,"1 511,9"
        Нижегородская область,городское население,мужчины,"1 243,4"
        Нижегородская область,сельское население,Всего,"768,7"
        Нижегородская область,сельское население,женщины,"410,4"
        Нижегородская область,сельское население,мужчины,"358,3"
        Оренбургская область,все население,Всего,"2 177,5"
        Оренбургская область,все население,женщины,"1 155,2"
        Оренбургская область,все население,мужчины,"1 022,3"
        Оренбургская область,городское население,Всего,"1 258,9"
        Оренбургская область,городское население,женщины,"679,6"
        Оренбургская область,городское население,мужчины,"579,3"
        Оренбургская область,сельское население,Всего,"918,6"
        Оренбургская область,сельское население,женщины,"475,6"
        Оренбургская область,сельское население,мужчины,443
        Пензенская область,все население,Всего,"1 453,4"
        Пензенская область,все население,женщины,"788,1"
        Пензенская область,все население,мужчины,"665,3"
        Пензенская область,городское население,Всего,"945,5"
        Пензенская область,городское население,женщины,"516,2"
        Пензенская область,городское население,мужчины,"429,3"
        Пензенская область,сельское население,Всего,"507,9"
        Пензенская область,сельское население,женщины,"271,9"
        Пензенская область,сельское население,мужчины,236
        Самарская область,все население,Всего,"3 239,8"
        Самарская область,все население,женщины,"1 741,8"
        Самарская область,все население,мужчины,1 498
        Самарская область,городское население,Всего,2 612
        Самарская область,городское население,женщины,"1 411,3"
        Самарская область,городское население,мужчины,"1 200,7"
        Самарская область,сельское население,Всего,"627,8"
        Самарская область,сельское население,женщины,"330,5"
        Самарская область,сельское население,мужчины,"297,3"
        Саратовская область,все население,Всего,"2 669,3"
        Саратовская область,все население,женщины,"1 437,3"
        Саратовская область,все население,мужчины,1 232
        Саратовская область,городское население,Всего,"1 964,6"
        Саратовская область,городское население,женщины,"1 066,8"
        Саратовская область,городское население,мужчины,"897,8"
        Саратовская область,сельское население,Всего,"704,7"
        Саратовская область,сельское население,женщины,"370,5"
        Саратовская область,сельское население,мужчины,"334,2"
        Ульяновская область,все население,Всего,"1 382,3"
        Ульяновская область,все население,женщины,"744,1"
        Ульяновская область,все население,мужчины,"638,2"
        Ульяновская область,городское население,Всего,"1 011,3"
        Ульяновская область,городское население,женщины,"545,7"
        Ульяновская область,городское население,мужчины,"465,6"
        Ульяновская область,сельское население,Всего,371
        Ульяновская область,сельское население,женщины,"198,4"
        Ульяновская область,сельское население,мужчины,"172,6"
    Уральский федеральный округ,все население,Всего,"12 381,5"
    Уральский федеральный округ,все население,женщины,"6 572,6"
    Уральский федеральный округ,все население,мужчины,"5 808,9"
    Уральский федеральный округ,городское население,Всего,"9 997,2"
    Уральский федеральный округ,городское население,женщины,"5 335,9"
    Уральский федеральный округ,городское население,мужчины,"4 661,3"
    Уральский федеральный округ,сельское население,Всего,"2 384,3"
    Уральский федеральный округ,сельское население,женщины,"1 236,7"
    Уральский федеральный округ,сельское население,мужчины,"1 147,6"
        Курганская область,все население,Всего,"1 019,9"
        Курганская область,все население,женщины,"548,7"
        Курганская область,все население,мужчины,"471,2"
        Курганская область,городское население,Всего,"574,7"
        Курганская область,городское население,женщины,"314,7"
        Курганская область,городское население,мужчины,260
        Курганская область,сельское население,Всего,"445,2"
        Курганская область,сельское население,женщины,234
        Курганская область,сельское население,мужчины,"211,2"
        Свердловская область,все население,Всего,"4 489,8"
        Свердловская область,все население,женщины,"2 415,1"
        Свердловская область,все население,мужчины,"2 074,7"
        Свердловская область,городское население,Всего,3 945
        Свердловская область,городское население,женщины,"2 134,9"
        Свердловская область,городское население,мужчины,"1 810,1"
        Свердловская область,сельское население,Всего,"544,8"
        Свердловская область,сельское население,женщины,"280,2"
        Свердловская область,сельское население,мужчины,"264,6"
        Тюменская область,все население,Всего,"3 265,7"
        Тюменская область,все население,женщины,"1 672,7"
        Тюменская область,все население,мужчины,1 593
        Тюменская область,городское население,Всего,"2 526,8"
        Тюменская область,городское население,женщины,"1 295,8"
        Тюменская область,городское население,мужчины,1 231
        Тюменская область,сельское население,Всего,"738,9"
        Тюменская область,сельское население,женщины,"376,9"
        Тюменская область,сельское население,мужчины,362
            Ханты-Мансийский автономный округ-Югра,все население,Всего,"1 433,1"
            Ханты-Мансийский автономный округ-Югра,все население,женщины,719
            Ханты-Мансийский автономный округ-Югра,все население,мужчины,"714,1"
            Ханты-Мансийский автономный округ-Югра,городское население,Всего,"1 302,2"
            Ханты-Мансийский автономный округ-Югра,городское население,женщины,"656,4"
            Ханты-Мансийский автономный округ-Югра,городское население,мужчины,"645,8"
            Ханты-Мансийский автономный округ-Югра,сельское население,Всего,"130,9"
            Ханты-Мансийский автономный округ-Югра,сельское население,женщины,"62,6"
            Ханты-Мансийский автономный округ-Югра,сельское население,мужчины,"68,3"
            Ямало-Ненецкий автономный округ,все население,Всего,"507,4"
            Ямало-Ненецкий автономный округ,все население,женщины,"251,5"
            Ямало-Ненецкий автономный округ,все население,мужчины,"255,9"
            Ямало-Ненецкий автономный округ,городское население,Всего,"423,2"
            Ямало-Ненецкий автономный округ,городское население,женщины,"210,1"
            Ямало-Ненецкий автономный округ,городское население,мужчины,"213,1"
            Ямало-Ненецкий автономный округ,сельское население,Всего,"84,2"
            Ямало-Ненецкий автономный округ,сельское население,женщины,"41,4"
            Ямало-Ненецкий автономный округ,сельское население,мужчины,"42,8"
        Челябинская область,все население,Всего,"3 606,1"
        Челябинская область,все население,женщины,1 936
        Челябинская область,все население,мужчины,"1 670,1"
        Челябинская область,городское население,Всего,"2 950,6"
        Челябинская область,городское население,женщины,"1 590,4"
        Челябинская область,городское население,мужчины,"1 360,2"
        Челябинская область,сельское население,Всего,"655,5"
        Челябинская область,сельское население,женщины,"345,6"
        Челябинская область,сельское население,мужчины,"309,9"
    Сибирский федеральный округ,все население,Всего,"20 064,3"
    Сибирский федеральный округ,все население,женщины,"10 657,2"
    Сибирский федеральный округ,все население,мужчины,"9 407,1"
    Сибирский федеральный округ,городское население,Всего,"14 281,7"
    Сибирский федеральный округ,городское население,женщины,"7 665,3"
    Сибирский федеральный округ,городское население,мужчины,"6 616,4"
    Сибирский федеральный округ,сельское население,Всего,"5 782,6"
    Сибирский федеральный округ,сельское население,женщины,"2 991,9"
    Сибирский федеральный округ,сельское население,мужчины,"2 790,7"
        Республика Алтай,все население,Всего,"202,9"
        Республика Алтай,все население,женщины,"106,4"
        Республика Алтай,все население,мужчины,"96,5"
        Республика Алтай,городское население,Всего,"53,5"
        Республика Алтай,городское население,женщины,"29,6"
        Республика Алтай,городское население,мужчины,"23,9"
        Республика Алтай,сельское население,Всего,"149,4"
        Республика Алтай,сельское население,женщины,"76,8"
        Республика Алтай,сельское население,мужчины,"72,6"
        Республика Бурятия,все население,Всего,981
        Республика Бурятия,все население,женщины,"513,1"
        Республика Бурятия,все население,мужчины,"467,9"
        Республика Бурятия,городское население,Всего,"584,8"
        Республика Бурятия,городское население,женщины,"309,8"
        Республика Бурятия,городское население,мужчины,275
        Республика Бурятия,сельское население,Всего,"396,2"
        Республика Бурятия,сельское население,женщины,"203,3"
        Республика Бурятия,сельское население,мужчины,"192,9"
        Республика Тыва,все население,Всего,"305,5"
        Республика Тыва,все население,женщины,"160,5"
        Республика Тыва,все население,мужчины,145
        Республика Тыва,городское население,Всего,"157,9"
        Республика Тыва,городское население,женщины,"84,2"
        Республика Тыва,городское население,мужчины,"73,7"
        Республика Тыва,сельское население,Всего,"147,6"
        Республика Тыва,сельское население,женщины,"76,3"
        Республика Тыва,сельское население,мужчины,"71,3"
        Республика Хакасия,все население,Всего,"546,1"
        Республика Хакасия,все население,женщины,"290,8"
        Республика Хакасия,все население,мужчины,"255,3"
        Республика Хакасия,городское население,Всего,"386,8"
        Республика Хакасия,городское население,женщины,"207,4"
        Республика Хакасия,городское население,мужчины,"179,4"
        Республика Хакасия,сельское население,Всего,"159,3"
        Республика Хакасия,сельское население,женщины,"83,4"
        Республика Хакасия,сельское население,мужчины,"75,9"
        Алтайский край,все население,Всего,"2 607,2"
        Алтайский край,все население,женщины,"1 391,5"
        Алтайский край,все население,мужчины,"1 215,7"
        Алтайский край,городское население,Всего,"1 386,6"
        Алтайский край,городское население,женщины,751
        Алтайский край,городское население,мужчины,"635,6"
        Алтайский край,сельское население,Всего,"1 220,6"
        Алтайский край,сельское население,женщины,"640,5"
        Алтайский край,сельское население,мужчины,"580,1"
        Забайкальский край,все население,Всего,"1 156,2"
        Забайкальский край,все население,женщины,"596,6"
        Забайкальский край,все население,мужчины,"559,6"
        Забайкальский край,городское население,Всего,"739,6"
        Забайкальский край,городское население,женщины,"386,8"
        Забайкальский край,городское население,мужчины,"352,8"
        Забайкальский край,сельское население,Всего,"416,6"
        Забайкальский край,сельское население,женщины,"209,8"
        Забайкальский край,сельское население,мужчины,"206,8"
                Агинский  Бурятский автономный округ,все население,Всего,"72,2"
                Агинский  Бурятский автономный округ,все население,женщины,"37,1"
                Агинский  Бурятский автономный округ,все население,мужчины,"35,1"
                Агинский  Бурятский автономный округ,городское население,Всего,"25,5"
                Агинский  Бурятский автономный округ,городское население,женщины,"13,5"
                Агинский  Бурятский автономный округ,городское население,мужчины,12
                Агинский  Бурятский автономный округ,сельское население,Всего,"46,7"
                Агинский  Бурятский автономный округ,сельское население,женщины,"23,6"
                Агинский  Бурятский автономный округ,сельское население,мужчины,"23,1"
        Красноярский край,все население,Всего,"2 966,2"
        Красноярский край,все население,женщины,"1 569,3"
        Красноярский край,все население,мужчины,"1 396,9"
        Красноярский край,городское население,Всего,"2 245,8"
        Красноярский край,городское население,женщины,"1 200,5"
        Красноярский край,городское население,мужчины,"1 045,3"
        Красноярский край,сельское население,Всего,"720,4"
        Красноярский край,сельское население,женщины,"368,8"
        Красноярский край,сельское население,мужчины,"351,6"
            Таймырский (Долгано-Ненецкий) автономный округ,все население,Всего,"39,8"
            Таймырский (Долгано-Ненецкий) автономный округ,все население,женщины,"20,4"
            Таймырский (Долгано-Ненецкий) автономный округ,все население,мужчины,"19,4"
            Таймырский (Долгано-Ненецкий) автономный округ,городское население,Всего,"26,4"
            Таймырский (Долгано-Ненецкий) автономный округ,городское население,женщины,"13,8"
            Таймырский (Долгано-Ненецкий) автономный округ,городское население,мужчины,"12,6"
            Таймырский (Долгано-Ненецкий) автономный округ,сельское население,Всего,"13,4"
            Таймырский (Долгано-Ненецкий) автономный округ,сельское население,женщины,"6,6"
            Таймырский (Долгано-Ненецкий) автономный округ,сельское население,мужчины,"6,8"
            Эвенкийский автономный окpуг,все население,Всего,"17,7"
            Эвенкийский автономный окpуг,все население,женщины,"8,8"
            Эвенкийский автономный окpуг,все население,мужчины,"8,9"
            Эвенкийский автономный окpуг,городское население,Всего,"5,8"
            Эвенкийский автономный окpуг,городское население,женщины,3
            Эвенкийский автономный окpуг,городское население,мужчины,"2,8"
            Эвенкийский автономный окpуг,сельское население,Всего,"11,9"
            Эвенкийский автономный окpуг,сельское население,женщины,"5,8"
            Эвенкийский автономный окpуг,сельское население,мужчины,"6,1"
        Иркутская область,все население,Всего,"2 581,6"
        Иркутская область,все население,женщины,"1 372,1"
        Иркутская область,все население,мужчины,"1 209,5"
        Иркутская область,городское население,Всего,"2 047,8"
        Иркутская область,городское население,женщины,"1 099,1"
        Иркутская область,городское население,мужчины,"948,7"
        Иркутская область,сельское население,Всего,"533,8"
        Иркутская область,сельское население,женщины,273
        Иркутская область,сельское население,мужчины,"260,8"
            Усть-Ордынский Бурятский автономный округ,все население,Всего,"135,3"
            Усть-Ордынский Бурятский автономный округ,все население,женщины,"70,3"
            Усть-Ордынский Бурятский автономный округ,все население,мужчины,65
            Усть-Ордынский Бурятский автономный округ,сельское население,Всего,"135,3"
            Усть-Ордынский Бурятский автономный округ,сельское население,женщины,"70,3"
            Усть-Ордынский Бурятский автономный округ,сельское население,мужчины,65
        Кемеровская область,все население,Всего,"2 900,2"
        Кемеровская область,все население,женщины,"1 550,1"
        Кемеровская область,все население,мужчины,"1 350,1"
        Кемеровская область,городское население,Всего,2 514
        Кемеровская область,городское население,женщины,"1 350,6"
        Кемеровская область,городское население,мужчины,"1 163,4"
        Кемеровская область,сельское население,Всего,"386,2"
        Кемеровская область,сельское население,женщины,"199,5"
        Кемеровская область,сельское население,мужчины,"186,7"
        Новосибирская область,все население,Всего,"2 692,2"
        Новосибирская область,все население,женщины,"1 441,9"
        Новосибирская область,все население,мужчины,"1 250,3"
        Новосибирская область,городское население,Всего,"2 021,6"
        Новосибирская область,городское население,женщины,"1 092,5"
        Новосибирская область,городское население,мужчины,"929,1"
        Новосибирская область,сельское население,Всего,"670,6"
        Новосибирская область,сельское население,женщины,"349,4"
        Новосибирская область,сельское население,мужчины,"321,2"
        Омская область,все население,Всего,"2 079,2"
        Омская область,все население,женщины,"1 112,7"
        Омская область,все население,мужчины,"966,5"
        Омская область,городское население,Всего,"1 428,3"
        Омская область,городское население,женщины,"773,3"
        Омская область,городское население,мужчины,655
        Омская область,сельское население,Всего,"650,9"
        Омская область,сельское население,женщины,"339,4"
        Омская область,сельское население,мужчины,"311,5"
        Томская область,все население,Всего,1 046
        Томская область,все население,женщины,"552,2"
        Томская область,все население,мужчины,"493,8"
        Томская область,городское население,Всего,715
        Томская область,городское население,женщины,"380,5"
        Томская область,городское население,мужчины,"334,5"
        Томская область,сельское население,Всего,331
        Томская область,сельское население,женщины,"171,7"
        Томская область,сельское население,мужчины,"159,3"
    Дальневосточный федеральный округ,все население,Всего,"6 686,7"
    Дальневосточный федеральный округ,все население,женщины,"3 422,4"
    Дальневосточный федеральный округ,все население,мужчины,"3 264,3"
    Дальневосточный федеральный округ,городское население,Всего,"5 077,5"
    Дальневосточный федеральный округ,городское население,женщины,"2 636,9"
    Дальневосточный федеральный округ,городское население,мужчины,"2 440,6"
    Дальневосточный федеральный округ,сельское население,Всего,"1 609,2"
    Дальневосточный федеральный округ,сельское население,женщины,"785,5"
    Дальневосточный федеральный округ,сельское население,мужчины,"823,7"
        Республика Саха (Якутия),все население,Всего,"948,1"
        Республика Саха (Якутия),все население,женщины,"484,6"
        Республика Саха (Якутия),все население,мужчины,"463,5"
        Республика Саха (Якутия),городское население,Всего,"608,9"
        Республика Саха (Якутия),городское население,женщины,"313,3"
        Республика Саха (Якутия),городское население,мужчины,"295,6"
        Республика Саха (Якутия),сельское население,Всего,"339,2"
        Республика Саха (Якутия),сельское население,женщины,"171,3"
        Республика Саха (Якутия),сельское население,мужчины,"167,9"
        Камчатский край,все население,Всего,"358,8"
        Камчатский край,все население,женщины,"175,9"
        Камчатский край,все население,мужчины,"182,9"
        Камчатский край,городское население,Всего,"290,9"
        Камчатский край,городское население,женщины,"142,7"
        Камчатский край,городское население,мужчины,"148,2"
        Камчатский край,сельское население,Всего,"67,9"
        Камчатский край,сельское население,женщины,"33,2"
        Камчатский край,сельское население,мужчины,"34,7"
            Корякский автономный  округ,все население,Всего,25
            Корякский автономный  округ,все население,женщины,"12,3"
            Корякский автономный  округ,все население,мужчины,"12,7"
            Корякский автономный  округ,городское население,Всего,"6,5"
            Корякский автономный  округ,городское население,женщины,"3,4"
            Корякский автономный  округ,городское население,мужчины,"3,1"
            Корякский автономный  округ,сельское население,Всего,"18,5"
            Корякский автономный  округ,сельское население,женщины,"8,9"
            Корякский автономный  округ,сельское население,мужчины,"9,6"
        Приморский край,все население,Всего,"2 068,2"
        Приморский край,все население,женщины,"1 057,3"
        Приморский край,все население,мужчины,"1 010,9"
        Приморский край,городское население,Всего,"1 620,4"
        Приморский край,городское население,женщины,"844,2"
        Приморский край,городское население,мужчины,"776,2"
        Приморский край,сельское население,Всего,"447,8"
        Приморский край,сельское население,женщины,"213,1"
        Приморский край,сельское население,мужчины,"234,7"
        Хабаровский край,все население,Всего,"1 435,4"
        Хабаровский край,все население,женщины,"740,9"
        Хабаровский край,все население,мужчины,"694,5"
        Хабаровский край,городское население,Всего,"1 156,4"
        Хабаровский край,городское население,женщины,"607,1"
        Хабаровский край,городское население,мужчины,"549,3"
        Хабаровский край,сельское население,Всего,279
        Хабаровский край,сельское население,женщины,"133,8"
        Хабаровский край,сельское население,мужчины,"145,2"
        Амурская область,все население,Всего,"902,5"
        Амурская область,все население,женщины,"465,7"
        Амурская область,все население,мужчины,"436,8"
        Амурская область,городское население,Всего,"594,2"
        Амурская область,городское население,женщины,"312,1"
        Амурская область,городское население,мужчины,"282,1"
        Амурская область,сельское население,Всего,"308,3"
        Амурская область,сельское население,женщины,"153,6"
        Амурская область,сельское население,мужчины,"154,7"
        Магаданская область,все население,Всего,"182,7"
        Магаданская область,все население,женщины,"92,9"
        Магаданская область,все население,мужчины,"89,8"
        Магаданская область,городское население,Всего,"168,7"
        Магаданская область,городское население,женщины,"86,4"
        Магаданская область,городское население,мужчины,"82,3"
        Магаданская область,сельское население,Всего,14
        Магаданская область,сельское население,женщины,"6,5"
        Магаданская область,сельское население,мужчины,"7,5"
        Сахалинская область,все население,Всего,"546,5"
        Сахалинская область,все население,женщины,"281,4"
        Сахалинская область,все население,мужчины,"265,1"
        Сахалинская область,городское население,Всего,474
        Сахалинская область,городское население,женщины,"246,3"
        Сахалинская область,городское население,мужчины,"227,7"
        Сахалинская область,сельское население,Всего,"72,5"
        Сахалинская область,сельское население,женщины,"35,1"
        Сахалинская область,сельское население,мужчины,"37,4"
        Еврейская автономная область,все население,Всего,"190,9"
        Еврейская автономная область,все население,женщины,"98,2"
        Еврейская автономная область,все население,мужчины,"92,7"
        Еврейская автономная область,городское население,Всего,"128,4"
        Еврейская автономная область,городское население,женщины,68
        Еврейская автономная область,городское население,мужчины,"60,4"
        Еврейская автономная область,сельское население,Всего,"62,5"
        Еврейская автономная область,сельское население,женщины,"30,2"
        Еврейская автономная область,сельское население,мужчины,"32,3"
        Чукотский автономный округ,все население,Всего,"53,6"
        Чукотский автономный округ,все население,женщины,"25,5"
        Чукотский автономный округ,все население,мужчины,"28,1"
        Чукотский автономный округ,городское население,Всего,"35,6"
        Чукотский автономный округ,городское население,женщины,"16,6"
        Чукотский автономный округ,городское население,мужчины,19
        Чукотский автономный округ,сельское население,Всего,18
        Чукотский автономный округ,сельское население,женщины,"8,9"
        Чукотский автономный округ,сельское население,мужчины,"9,1"
Республика Адыгея,все население,Всего,447
Республика Адыгея,все население,женщины,"238,8"
Республика Адыгея,все население,мужчины,"208,2"
Республика Адыгея,городское население,Всего,"240,4"
Республика Адыгея,городское население,женщины,"130,6"
Республика Адыгея,городское население,мужчины,"109,8"
Республика Адыгея,сельское население,Всего,"206,6"
Республика Адыгея,сельское население,женщины,"108,2"
Республика Адыгея,сельское население,мужчины,"98,4"
Республика Калмыкия,все население,Всего,"292,4"
Республика Калмыкия,все население,женщины,"152,2"
Республика Калмыкия,все население,мужчины,"140,2"
Республика Калмыкия,городское население,Всего,"129,5"
Республика Калмыкия,городское население,женщины,"70,1"
Республика Калмыкия,городское население,мужчины,"59,4"
Республика Калмыкия,сельское население,Всего,"162,9"
Республика Калмыкия,сельское население,женщины,"82,1"
Республика Калмыкия,сельское население,мужчины,"80,8"
Краснодарский край,все население,Всего,"5 124,4"
Краснодарский край,все население,женщины,"2 736,9"
Краснодарский край,все население,мужчины,"2 387,5"
Краснодарский край,городское население,Всего,"2 739,8"
Краснодарский край,городское население,женщины,1 476
Краснодарский край,городское население,мужчины,"1 263,8"
Краснодарский край,сельское население,Всего,"2 384,6"
Краснодарский край,сельское население,женщины,"1 260,9"
Краснодарский край,сельское население,мужчины,"1 123,7"
Астраханская область,все население,Всего,"1 007,2"
Астраханская область,все население,женщины,"532,1"
Астраханская область,все население,мужчины,"475,1"
Астраханская область,городское население,Всего,"683,9"
Астраханская область,городское население,женщины,"364,5"
Астраханская область,городское население,мужчины,"319,4"
Астраханская область,сельское население,Всего,"323,3"
Астраханская область,сельское население,женщины,"167,6"
Астраханская область,сельское население,мужчины,"155,7"
Волгоградская область,все население,Всего,"2 702,5"
Волгоградская область,все население,женщины,"1 443,5"
Волгоградская область,все население,мужчины,1 259
Волгоградская область,городское население,Всего,"2 032,6"
Волгоградская область,городское население,женщины,"1 093,1"
Волгоградская область,городское население,мужчины,"939,5"
Волгоградская область,сельское население,Всего,"669,9"
Волгоградская область,сельское население,женщины,"350,4"
Волгоградская область,сельское население,мужчины,"319,5"
Ростовская область,все население,Всего,"4 406,7"
Ростовская область,все население,женщины,"2 357,4"
Ростовская область,все население,мужчины,"2 049,3"
Ростовская область,городское население,Всего,"2 979,1"
Ростовская область,городское население,женщины,"1 610,3"
Ростовская область,городское население,мужчины,"1 368,8"
Ростовская область,сельское население,Всего,"1 427,6"
Ростовская область,сельское население,женщины,"747,1"
Ростовская область,сельское население,мужчины,"680,5"
